Stock,Ticker,current_price,forecasted_price,forecasted_price_change,percent_change,current_volatility,forecasted_volatility,forecasted_volatility_change,model_error_last_week,model_mda_last_week
MMM,3M,91.81999969482422,93.31628968432403,1.4962899894998145,1.6295904971388913,0.0131059596205902,0.0176958217495652,237.0068628152072,93.54595917015497,71.42857142857143
AOS,A. O. Smith,79.63999938964844,74.80505146697922,-4.834947922669215,-6.071004469768567,0.0040048498571332,0.0157096355399686,70.69392975839841,73.44470151067055,57.14285714285714
ABT,Abbott,116.63999938964844,110.86147367600402,-5.778525713644413,-4.954154444343426,0.013827790934292,0.013419829010462,54.096357405075764,108.64355157350914,57.14285714285714
ABBV,AbbVie,175.75,172.13334463328857,-3.616655366711427,-2.057840891443202,0.010560943211331,0.0128874132974776,185.89601019700578,170.63383146680908,42.857142857142854
ACN,Accenture,362.9500122070313,367.5061866774414,4.556174470410099,1.255317348718313,0.0087344358028337,0.0135449639699971,57.07596703599573,358.8097073802238,57.14285714285714
ADBE,Adobe Inc.,541.9099731445312,568.1699800281701,26.26000688363888,4.845824617557859,0.0483052478073312,0.0301657641861455,1639.9181502051213,584.2943072089863,42.857142857142854
AMD,Advanced Micro Devices,165.69000244140625,172.33347852406044,6.643476082654189,4.0095817398539495,0.0224183215711677,0.0321941070163881,14.67248120259638,164.20812338504894,28.57142857142857
AES,AES Corporation,16.420000076293945,16.4687863817276,0.04878630543365503,0.29711513524344807,0.0144924049510522,0.0225739875696549,10.169972604558222,16.200796643329614,14.285714285714285
AFL,Aflac,78.77999877929688,77.93774090130799,-0.8422578779888852,-1.0691265435894215,0.0061054657289211,0.0127054396005591,144.6982171822595,76.5339867940587,57.14285714285714
A,Agilent Technologies,134.13999938964844,128.2936668019409,-5.846332587707536,-4.358381254144166,0.0041524778573237,0.0186095272921522,87.488243933781,127.68168791180311,57.14285714285714
APD,Air Products and Chemicals,228.08999633789065,231.65852250101318,3.5685261631225274,1.5645255032737788,0.0041662174895966,0.0183329269736726,379.47056705255477,233.84939999729454,57.14285714285714
ABNB,Airbnb,148.14999389648438,141.21208510985184,-6.9379087866325335,-4.683030086035779,0.0031084876702637,0.0327976389683567,27.651823088721134,137.65690751122253,42.857142857142854
AKAM,Akamai,108.36000061035156,97.32206151507263,-11.03793909527893,-10.186359388248732,0.0098515558891278,0.0344119271759818,1288.285922223911,115.37168623025521,42.857142857142854
ALB,Albemarle Corporation,114.81999969482422,127.96424056054535,13.14424086572113,11.447692824121857,0.0762875110752576,0.035007693207883,-49.195572886754995,127.07686581181,28.57142857142857
ARE,Alexandria Real Estate Equities,118.83000183105467,115.36860343652687,-3.461398394527805,-2.9128993866793107,0.0020801278385129,0.021579786034822,20.42901290368249,116.35705871387565,14.285714285714285
ALGN,Align Technology,313.5299987792969,300.11404261475815,-13.415956164538727,-4.2790023974652005,0.0131039906918077,0.0323021165459614,3.752414966485962,285.33745311365016,71.42857142857143
ALLE,Allegion,132.05999755859375,123.29992386767577,-8.760073690917977,-6.633404401685845,0.0028116119508476,0.017529736640109,451.2314888785404,123.12876900805311,71.42857142857143
LNT,Alliant Energy,48.25,48.97337668986084,0.7233766898608422,1.4992263002297248,0.0007330630069832,0.0132370544110275,-3.1550319347676914,48.53576841548507,42.857142857142854
ALL,Allstate,159.72000122070312,151.19096802190245,-8.529033198800676,-5.339990692220913,0.0085810107402056,0.0154076779233387,132.657189256371,150.8375618873595,42.857142857142854
GOOGL,Alphabet Inc. (Class A),141.1199951171875,139.65067350954055,-1.4693216076469469,-1.0411859824873202,0.0142452429506554,0.0198413450753266,381.99806411488254,137.8101063202943,42.857142857142854
GOOG,Alphabet Inc. (Class C),142.1999969482422,142.42947749329986,0.2294805450576689,0.16137872713259974,0.0129825955736091,0.0202692012631492,242.55466060949914,139.60647998047068,42.857142857142854
MO,Altria,40.25,40.49613704966736,0.24613704966736094,0.6115206202915799,0.0010547718737819,0.0130064163055386,395.74457250694206,40.22631435550658,28.57142857142857
AMZN,Amazon,167.0800018310547,155.8889055493991,-11.191096281655575,-6.69804653998724,0.0090012833628358,0.0194989804780209,17.663451805233386,155.08845381464658,28.57142857142857
AMCR,Amcor,9.119999885559082,9.084540906285095,-0.03545897927398656,-0.38880460218133894,0.002308190417695,0.015029188846383,2005.568507630789,9.13136964625369,42.857142857142854
AEE,Ameren,69.87000274658203,69.06535601644555,-0.8046467301364828,-1.1516340324973657,0.0039578434814664,0.0120351457743262,3.1798637049353333,69.85590061490811,28.57142857142857
AAL,American Airlines Group,14.699999809265137,14.222300535384749,-0.477699273880388,-3.249654966521177,0.0153396946315514,0.0273107739429076,1817.8872422564918,14.061779004148653,57.14285714285714
AEP,American Electric Power,80.87999725341797,78.84705718291076,-2.032940070507209,-2.51352638420286,0.0040102357744313,0.0140796824096371,-24.442478600922808,77.57899588710289,42.857142857142854
AXP,American Express,212.4900054931641,206.71114277254333,-5.778862720620765,-2.7195927202358106,0.0003326771374652,0.0142666611762929,179.1014325006643,198.33365819469304,71.42857142857143
AIG,American International Group,68.12999725341797,57.21670722938187,-10.913290024036101,-16.018333280482555,0.016930677880971,0.0183566516305786,-27.260585503646723,56.223384818622186,57.14285714285714
AMT,American Tower,188.3999938964844,187.76815058721922,-0.6318433092651787,-0.335373317268971,0.0135326862741342,0.014251459984761,161.08449280835896,189.90548051623574,28.57142857142857
AWK,American Water Works,121.16000366210938,123.95672025744203,2.7967165953326543,2.308283683394504,0.0013799575066655,0.0163824986490019,26.59375482354128,123.72614059435004,28.57142857142857
AMP,Ameriprise Financial,396.7799987792969,360.1838241778961,-36.596174601400776,-9.22329117243555,0.0017620811241403,0.0128466414382285,1684.8500048266587,361.32511912252875,71.42857142857143
AME,Ametek,174.80999755859375,162.05454872770255,-12.755448830891197,-7.296750191084326,0.0031210226343569,0.0119582875438763,217.05715725103633,159.4737578937767,57.14285714285714
AMGN,Amgen,283.510009765625,277.53374584360506,-5.976263922019939,-2.107955174831555,0.012785593214912,0.0123819611545812,3448.1764321208652,288.7044576559253,57.14285714285714
APH,Amphenol,104.61000061035156,100.99762125087129,-3.612379359480272,-3.4531873992961373,0.0051200080873018,0.0120483788165857,37.605154024257395,99.92644833675979,57.14285714285714
ADI,Analog Devices,189.3999938964844,184.60024678042907,-4.799747116055329,-2.5341854650104194,0.0017095872794422,0.0181038563395392,56.025659638028024,187.17796355691758,57.14285714285714
ANSS,Ansys,332.1400146484375,313.08897209302216,-19.051042555415336,-5.735846846270667,0.00731045621073,0.0226447766907111,82.5521607307484,318.0832398885659,42.857142857142854
AON,Aon,315.5,305.64228537651366,-9.857714623486345,-3.124473731691393,0.016688234710556,0.014369465644689,-24.902793505953053,301.8137058259905,42.857142857142854
APA,APA Corporation,30.979999542236328,32.58165523833313,1.601655696096799,5.169966816536569,0.0205438486693203,0.0244544686143711,2.9138959267175903,32.60578777339295,42.857142857142854
AAPL,Apple Inc.,181.55999755859372,181.49971391917725,-0.060283639416468304,-0.03320315059875088,0.0030714760235248,0.0128770579970077,119.41864689010562,183.89140235080262,28.57142857142857
AMAT,Applied Materials,188.8199920654297,182.6494843730934,-6.170507692336287,-3.267931337587436,0.081466442430661,0.0299487549578238,-31.291491681860112,169.082197118322,71.42857142857143
APTV,Aptiv,77.76000213623047,82.57481975342483,4.814817617194365,6.191894913736135,0.0068103069219361,0.0244931253532583,153.93083187577204,83.89182022069247,42.857142857142854
ACGL,Arch Capital Group,85.37000274658203,80.860385848732,-4.509616897850037,-5.282437334852481,0.0044116192127657,0.0160950738618635,2517.399057721334,79.55712047470183,57.14285714285714
ADM,Archer-Daniels-Midland,53.400001525878906,78.42943439326687,25.029432867387968,46.87159579060707,0.0053430238815947,0.0213351988403397,115.6650965729296,78.36818665728252,42.857142857142854
ANET,Arista Networks,259.6099853515625,251.07513075441437,-8.534854597148126,-3.2875679206214934,0.0069119635316476,0.0257788740302354,211.34451407967188,244.6442814810906,57.14285714285714
AJG,Arthur J. Gallagher & Co.,241.7400054931641,227.85756165081634,-13.882443842347755,-5.742716772934102,0.0113303258890943,0.0118457439519324,-3.0891662235311252,227.41393402327986,71.42857142857143
AIZ,Assurant,174.6300048828125,165.88238206282426,-8.747622819988237,-5.009232420200887,0.0012480275668129,0.0150775562903511,177.2772862017483,164.90344115218164,42.857142857142854
T,AT&T,16.90999984741211,16.831266867304798,-0.07873298010731133,-0.46560012310917054,0.0024781139628104,0.0154138922258821,146.3090456515946,16.26851079526073,28.57142857142857
ATO,Atmos Energy,113.69000244140624,110.29283274124145,-3.397169700164781,-2.9880988892718343,0.000367730582015,0.0125246910988216,60.4161140951997,109.47404119457043,71.42857142857143
ADSK,Autodesk,255.25999450683597,252.47975927709962,-2.7802352297363484,-1.0891778146073308,0.0003414550563679,0.0177621870266653,2299.4216426012645,249.2955139625499,42.857142857142854
ADP,Automated Data Processing,252.94000244140625,246.85050019414308,-6.0895022472631695,-2.4074888070240323,0.0026601428906771,0.0129623250004091,359.95163769035486,244.00051745093145,71.42857142857143
AZO,AutoZone,2696.14990234375,2579.152976898407,-116.9969254453431,-4.339407291250321,0.0090253406993427,0.0151135554016011,-11.108790280807295,2641.303245335687,57.14285714285714
AVB,AvalonBay Communities,176.33999633789062,174.96810796932374,-1.3718883685668857,-0.7779791295550257,0.0004112629557009,0.0133909641941421,23.784909681013765,172.18232248071465,42.857142857142854
AVY,Avery Dennison,209.7100067138672,198.528885809606,-11.181120904261178,-5.331705949309772,0.0024314847391137,0.0123708312892974,996.5138416902207,195.08090776299267,71.42857142857143
AXON,Axon Enterprise,267.70001220703125,243.7417051224044,-23.958307084626853,-8.949684718765798,0.0022680441508934,0.0241275169673491,378.7499151263218,237.2615019459919,57.14285714285714
BKR,Baker Hughes,29.049999237060547,28.128358375347233,-0.921640861713314,-3.172602016930625,0.0012180670789136,0.0176345184168235,86.53265637133617,27.918307622798913,42.857142857142854
BALL,Ball Corporation,61.880001068115234,60.58732178457031,-1.2926792835449277,-2.0890097951388102,0.0006893908323812,0.0230837557214536,281841.1493114596,58.268023459364336,71.42857142857143
BAC,Bank of America,33.959999084472656,32.946531802023316,-1.0134672824493407,-2.9842971430253153,0.0031166608560701,0.0164028608407165,500.2286891793637,32.34136961015748,42.857142857142854
BK,Bank of New York Mellon,54.869998931884766,54.1545219341085,-0.7154769977762641,-1.3039493561216435,0.0018064727206024,0.0142787515490631,109.56182039525133,51.91079149084594,57.14285714285714
BBWI,"Bath & Body Works, Inc.",47.36000061035156,42.509796923948386,-4.850203686403177,-10.241139408564658,0.0314422469768933,0.0325790862017958,-26.06131820914331,41.49716715252857,71.42857142857143
BAX,Baxter International,41.77000045776367,39.50109929641346,-2.2689011613502146,-5.431891636305933,0.0045528668196857,0.0200921975723504,1134.1772955594643,38.725708743281416,71.42857142857143
BDX,Becton Dickinson,240.66000366210935,239.60951877280425,-1.0504848893050962,-0.4365016510096935,0.0026471905205257,0.012931346472689,-6.6657006797124705,239.19175628572728,71.42857142857143
BBY,Best Buy,73.2699966430664,72.33009851233963,-0.9398981307267746,-1.282787189557921,0.0039596256822209,0.0188288891206336,47.40936469201849,72.56437161058776,57.14285714285714
BIO,Bio-Rad,343.760009765625,324.89678571131344,-18.86322405431156,-5.48732357413315,0.0182200989691533,0.0238950807735365,38.064447097134455,322.40169517168954,57.14285714285714
TECH,Bio-Techne,70.33000183105469,69.90525257263184,-0.4247492584228496,-0.6039375051392345,0.0162180657742935,0.0221934747362467,-16.542300856799404,66.99469668195692,71.42857142857143
BIIB,Biogen,219.2100067138672,226.5578730785498,7.347866364682602,3.351975794733543,0.0140688395349388,0.0223814984891341,293.8373367118332,242.60989664072,57.14285714285714
BLK,BlackRock,798.1099853515625,760.566393053778,-37.54359229778447,-4.704062470944622,0.0072483596669483,0.0137557141430412,387.3399778265053,739.8358511531143,57.14285714285714
BX,Blackstone,126.33000183105467,119.4818791100731,-6.8481227209815785,-5.4208205665506135,0.0042512650027489,0.0220063641429728,178.7645795474735,118.99121932874577,57.14285714285714
BA,Boeing,203.3699951171875,202.0356450419313,-1.3343500752561965,-0.6561194410646991,0.0031707704091619,0.0223346549626909,398.47423288981577,202.66101205385945,28.57142857142857
BKNG,Booking Holdings,3700.860107421875,3366.670279552479,-334.18982786939614,-9.030058369382742,0.0033582749824912,0.016113330427074,50.602335685066656,3347.020721799375,42.857142857142854
BWA,BorgWarner,30.15999984741211,31.86202827666855,1.7020284292564405,5.643330364282093,0.009569290304665,0.0223034007178025,70.95037685979473,32.63933083927698,28.57142857142857
BXP,Boston Properties,66.02999877929688,64.4926372745601,-1.5373615047367792,-2.3282773484145594,0.0209577535260441,0.0252074257850954,133.97113914515003,62.91668925233792,28.57142857142857
BSX,Boston Scientific,66.22000122070312,64.62400458428573,-1.5959966364173965,-2.4101428677087093,0.0071788781675851,0.0133686585028385,43.427257716497,62.5383444886719,42.857142857142854
BMY,Bristol Myers Squibb,49.86000061035156,50.07736496142765,0.21736435107608543,0.4359493550245923,0.0059816319043148,0.0123342138252929,-16.300467128138163,50.30262229859354,28.57142857142857
AVGO,Broadcom Inc.,1226.550048828125,1213.576668118219,-12.973380709905996,-1.057713113484531,0.000205654979068,0.0216212492896224,90.52306850455626,1164.2580983439807,57.14285714285714
BR,Broadridge Financial Solutions,195.16000366210935,188.35396174623827,-6.806041915871077,-3.4874163702388175,0.0085736655907846,0.0139867461374213,-7.10391800665469,190.93192354405485,42.857142857142854
BRO,Brown & Brown,82.69999694824219,76.68630886504138,-6.013688083200805,-7.271690816342439,0.0004274378392984,0.0131547966214186,1084.5204926448653,73.66986509107338,71.42857142857143
BLDR,Builders FirstSource,182.8999938964844,174.9072235629223,-7.992770333562106,-4.3700221980793295,0.0085084038846183,0.027537394410216,332.66211137614647,167.7992157774545,71.42857142857143
BG,Bunge Global SA,91.66999816894533,90.92159699872283,-0.7484011702224933,-0.8164079689880763,0.0079882381169228,0.0181141353288196,68.99740317947891,89.12319257735363,28.57142857142857
CDNS,Cadence Design Systems,292.07000732421875,293.2614975579605,1.1914902337417743,0.40794679489946195,0.0172589772013572,0.0196018155702185,162.1633054277494,286.5079946977591,42.857142857142854
CZR,Caesars Entertainment,41.650001525878906,44.17873941247826,2.5287378865993517,6.071399265203244,0.0037215480109948,0.0267416089031117,9.60514140811752,44.14005747543507,14.285714285714285
CPT,Camden Property Trust,94.48999786376952,94.53110916197174,0.04111129820222459,0.043508624332383415,0.0035460332790921,0.0174516406107957,-9.293342745428774,94.80039899767762,28.57142857142857
CPB,Campbell Soup Company,42.15999984741211,41.62780356663632,-0.5321962807757927,-1.2623251487237857,0.0091034286357218,0.0146449634391196,213.72459807329483,42.97976901686193,57.14285714285714
COF,Capital One,137.38999938964844,128.41020492536012,-8.979794464288318,-6.535988430148356,0.0036731326830821,0.0188004573902461,42.63830935220986,126.76962730101238,85.71428571428571
CAH,Cardinal Health,105.37000274658205,97.11946375963049,-8.250538986951554,-7.830064318015008,0.0095104841223166,0.0145746168979159,204.07133497628527,98.26661277374697,42.857142857142854
KMX,CarMax,70.66000366210938,72.85460923008822,2.19460556797884,3.105866762296352,0.0115953560030925,0.0268982735514022,129.81967461841373,72.11629589409175,57.14285714285714
CCL,Carnival,14.760000228881836,14.802901438150409,0.04290120926857277,0.2906585948733607,0.0178734089495152,0.0263156198871817,5317.647556048866,15.068032186288804,28.57142857142857
CARR,Carrier Global,53.43000030517578,53.30808265800171,-0.12191764717407239,-0.22818200725756346,0.0188432887141254,0.0200808689120246,67.49454384531734,52.33047097286351,71.42857142857143
CTLT,Catalent,57.97999954223633,53.97301775790588,-4.006981784330449,-6.910972431815058,0.0105137959577868,0.0341467041721764,567.9136484148065,53.259693602034545,85.71428571428571
CAT,Caterpillar Inc.,313.739990234375,291.4995853329407,-22.240404901434317,-7.0888014259259515,0.0156344155511982,0.0193683515272266,-24.927831381895988,294.8024134376496,42.857142857142854
CBOE,Cboe Global Markets,191.72000122070312,178.27996470746916,-13.440036513233963,-7.010242242676673,0.0164092396238105,0.0127795817944975,-49.897497409041165,174.62095363229403,57.14285714285714
CBRE,CBRE Group,90.97000122070312,87.13124399949265,-3.8387572212104715,-4.219805616905763,0.0077652040124151,0.0210667983593878,66.95873338599485,83.63620590213928,71.42857142857143
CDW,CDW,241.7899932861328,229.40270189900207,-12.387291387130745,-5.123161309852761,0.0052606262142295,0.0158095652477847,520.8190155136816,224.35117498215035,57.14285714285714
CE,Celanese,149.3699951171875,141.27882841171723,-8.091166705470272,-5.416862134274281,0.0063656349928533,0.0199987223909372,57.21462544452183,141.87038273656938,57.14285714285714
COR,Cencora,232.3600006103516,220.18233882890166,-12.177661781449928,-5.24085976478837,0.0060882904237941,0.0124594144082025,777.6983905668843,221.0447657448057,71.42857142857143
CNC,Centene Corporation,79.29000091552734,76.73504728096657,-2.554953634560775,-3.222289828553197,0.0009596528191473,0.0167501970797117,179.49598578003685,74.46138039529744,85.71428571428571
CNP,CenterPoint Energy,27.790000915527344,27.817089942033004,0.02708902650566003,0.09747760206270575,0.0025399015903758,0.0123034571104462,-15.991565027257233,27.09206077796781,28.57142857142857
CF,CF Industries,77.19000244140625,77.17250950506592,-0.01749293634033222,-0.02266217876286614,0.0128946647095713,0.0171703921695251,72.57154439130181,76.34566708702644,28.57142857142857
CHRW,CH Robinson,71.63999938964844,83.71255868125229,12.072559291603852,16.851702113984476,0.0080551288562519,0.0196252851476885,35.9723804741912,84.39383648184923,57.14285714285714
CRL,Charles River Laboratories,238.94000244140625,234.6680897655594,-4.271912675846863,-1.7878599783200544,0.0163256294786142,0.0257797711414622,7.603791211477096,220.81032923984506,57.14285714285714
SCHW,Charles Schwab Corporation,63.58000183105469,63.62934027939186,0.04933844833717416,0.07760057709384265,0.0065405061827919,0.0211146745155776,39.353987946415565,63.05575517090487,14.285714285714285
CHTR,Charter Communications,295.1300048828125,327.3494922072571,32.21948732444457,10.91704902632248,0.0078677155385094,0.0216481866383356,-10.304632765546124,333.2811705085193,57.14285714285714
CVX,Chevron Corporation,154.0,148.08264580022706,-5.917354199772944,-3.842437792060353,0.0036646424881678,0.0150981867661094,59.46495202258567,147.63422862671058,71.42857142857143
CMG,Chipotle Mexican Grill,2580.199951171875,2378.763710525088,-201.43624064678716,-7.8070011804821124,0.0003272373639421,0.0179926495604147,784.4027589171878,2351.482879161442,28.57142857142857
CB,Chubb Limited,250.50999450683597,242.44403154587403,-8.06596296096194,-3.219816828801948,0.0006491915299417,0.0104545252855938,101.78244113106128,239.13886746681916,57.14285714285714
CHD,Church & Dwight,98.0500030517578,94.50495766890869,-3.5450453828491106,-3.6155484676301155,0.0008760882321603,0.0130249460801271,527.0529789223316,94.04932238757661,28.57142857142857
CI,Cigna,341.3500061035156,327.7403490664856,-13.609657037030047,-3.987009460577794,0.0033901676255235,0.0175854334106454,381.2819194737396,315.594965636092,100.0
CINF,Cincinnati Financial,110.94000244140624,106.53991582983627,-4.400086611569961,-3.966185789380975,0.0023714374571171,0.0166624429308476,113.27156422565095,105.20836543610555,71.42857142857143
CTAS,Cintas,614.6400146484375,597.9679922878702,-16.672022360567325,-2.7124856766937646,0.0072560624697549,0.0113924198027873,145.91711536059847,599.3080319747539,42.857142857142854
CSCO,Cisco,48.27999877929688,48.76145216050251,0.4814533812056254,0.9972108396408642,0.0066536323432293,0.0143192891086827,172.0938556361742,48.163991626042495,42.857142857142854
C,Citigroup,55.41999816894531,52.2170673661602,-3.2029308027851116,-5.779377316147006,0.0119361521862306,0.016882116403975,99.56359333716354,51.26453378809724,28.57142857142857
CFG,Citizens Financial Group,31.3700008392334,31.799057788012924,0.42905694877952527,1.3677301157190862,0.0002483367988363,0.0218076327239602,10762.10361882469,31.614246163753077,14.285714285714285
CLX,Clorox,152.24000549316406,147.24403295128135,-4.995972541882708,-3.2816423815138647,0.013740291533733,0.0156522901111172,340.3469455391443,148.43455063654622,28.57142857142857
CME,CME Group,210.9900054931641,199.93489701525328,-11.055108477910807,-5.239636091800085,0.0083863740528314,0.0130587308793949,-25.618136970026217,198.53298867978052,71.42857142857143
CMS,CMS Energy,57.02999877929688,57.263574016392894,0.23357523709601224,0.4095655656594632,0.00358710750153,0.0128149818102421,10.513250900402793,55.58324846320888,57.14285714285714
KO,Coca-Cola Company (The),60.70000076293945,59.240891745700836,-1.4591090172386174,-2.403803952057741,0.0155466329659958,0.0093412564551956,1.9254748867339535,58.315364351639396,28.57142857142857
CTSH,Cognizant,76.73999786376953,72.81650157437134,-3.9234962893981873,-5.112713576514897,0.0041895040802103,0.0145883052551437,60.551263741346126,72.82222499366489,42.857142857142854
CL,Colgate-Palmolive,84.61000061035156,83.03413150527268,-1.5758691050788798,-1.862509270430239,0.0102691885124436,0.0110077034383849,199.01552812986458,82.46813570465508,42.857142857142854
CMCSA,Comcast,41.65999984741211,41.05976861254883,-0.6002312348632799,-1.4407854946273262,0.0167021123115288,0.016675423222389,322.4454125642182,41.37131457683352,28.57142857142857
CMA,Comerica,50.41999816894531,48.68074347840961,-1.7392546905357023,-3.449533426613538,0.0157200366945151,0.0255353077034472,170.33199670962992,48.95737031514743,71.42857142857143
CAG,Conagra Brands,28.479999542236328,28.071160195117535,-0.4088393471187928,-1.4355314385187297,0.0312162601141719,0.0147710612033325,-56.55133805201654,28.321394111764743,57.14285714285714
COP,ConocoPhillips,109.54000091552734,106.95382119906554,-2.5861797164617997,-2.3609454946564705,0.0038732584020379,0.0160513780777088,-42.24775612678132,107.43866129758521,42.857142857142854
ED,Consolidated Edison,87.58000183105469,87.1739037914013,-0.4060980396533864,-0.46368809221626384,0.0093531378658588,0.0120516319295658,95.47882944618203,86.16938716377788,42.857142857142854
STZ,Constellation Brands,245.25999450683597,242.5831660147516,-2.676828492084354,-1.0914248357001186,0.0071730849445484,0.0135621503814794,337.84168605077093,240.79186625948492,28.57142857142857
CEG,Constellation Energy,131.8000030517578,117.75245830844727,-14.047544743310539,-10.65822793478546,0.0052725679093447,0.0191701724739775,242.8589542044708,116.23743890832517,42.857142857142854
COO,CooperCompanies,95.6999969482422,91.17142425169143,-4.528572696550768,-4.732051035487466,0.02506681154735,0.0160097281076283,462.2843381358914,90.61333315093898,57.14285714285714
CPRT,Copart,48.52000045776367,46.82887053358238,-1.6911299241812898,-3.4854285000541307,0.0046507954653376,0.0159779312351438,35.922785838381444,46.294784199318045,28.57142857142857
GLW,Corning Inc.,32.290000915527344,31.950049538308335,-0.33995137721900903,-1.0528069606078458,0.0110249739017191,0.016188880621688,75.06481556105577,31.556891337484462,14.285714285714285
CTVA,Corteva,54.36000061035156,53.42364323931336,-0.9363573710382056,-1.7225117007447177,0.0072504905825263,0.0182446848868624,370.5928767149872,52.25609035373087,71.42857142857143
CSGP,CoStar Group,81.23999786376953,78.70866021739616,-2.531337646373373,-3.1158760622054,0.0120319025691985,0.0192595988527938,-22.486392059688598,79.76087958745752,28.57142857142857
COST,Costco,725.6900024414062,703.1556305287281,-22.534371912678125,-3.105233892828446,0.0021661326895638,0.0110313948881404,158.65961421455373,690.2717621962469,42.857142857142854
CTRA,Coterra,24.6299991607666,24.146511974805602,-0.4834871859609997,-1.9630012279137705,0.0020073016361645,0.0168002016853728,-61.86000312704396,24.068873684804267,42.857142857142854
CCI,Crown Castle,108.91999816894533,107.8258890098079,-1.0941091591374317,-1.0045071405898884,0.0030545983885152,0.017233391915983,36.886218184157656,107.8136904004381,28.57142857142857
CSX,CSX,36.86000061035156,35.51592449023465,-1.3440761201169096,-3.6464354255584213,0.008062207686465,0.0102041602860844,437.5443742049065,34.29415848998551,42.857142857142854
CMI,Cummins,261.8399963378906,242.6838589098358,-19.15613742805482,-7.315970705764463,0.0142275213595585,0.0166626193626292,3.7708179006162164,238.50046826687645,85.71428571428571
CVS,CVS Health,76.30999755859375,74.70250041694412,-1.607497141649631,-2.1065354384467554,0.011883286845181,0.0159457247721675,6.13603389299582,73.0229664057031,57.14285714285714
DHR,Danaher Corporation,247.7700042724609,242.22022148748016,-5.549782784980749,-2.2398929205643134,0.0092833602941762,0.0172637022395843,18.999006847829385,241.36162102438644,57.14285714285714
DRI,Darden Restaurants,165.30999755859375,157.78517964253982,-7.524817916053934,-4.55194363752064,0.0119487355745074,0.0130886733319821,74.98402692078521,158.1718367303493,42.857142857142854
DVA,DaVita Inc.,123.0,110.74971496745026,-12.25028503254974,-9.959581327276211,0.0092300192502102,0.024000876212125,43.42875414524855,107.2122748729259,42.857142857142854
DAY,Dayforce,71.54000091552734,68.8943802977993,-2.645620617728042,-3.6980997817597534,0.0126612337478041,0.0229432259698812,4469.649569953482,67.52807986786287,71.42857142857143
DE,John Deere,357.3800048828125,354.7364613622708,-2.643543520541698,-0.73970101416517,0.0012606590435276,0.0184464232651721,191.8156941359565,374.46729090792843,28.57142857142857
DAL,Delta Air Lines,40.59999847412109,39.34339995202694,-1.2565985220941442,-3.0950703677861338,0.0237518743144839,0.0210835749407426,274.5835229092336,38.87534442343879,71.42857142857143
XRAY,Dentsply Sirona,33.75,32.679544338566586,-1.0704556614334138,-3.171720478321226,0.009442279475675,0.0201775344092679,13.681176442793403,33.41284754581459,42.857142857142854
DVN,Devon Energy,43.40999984741211,44.24098315423906,0.8309833068269512,1.9142670116284055,0.0052206588513105,0.019703425148756,62.49782549903659,44.67654604072241,42.857142857142854
DXCM,Dexcom,117.87000274658205,113.72517535743904,-4.144827389143003,-3.516439545737767,0.0087921481498175,0.0224558367533836,61.8880717926215,116.4575475346071,42.857142857142854
FANG,Diamondback Energy,178.05999755859375,156.70332460586638,-21.356672952727365,-11.99408808578669,0.008936139533356,0.0282641537179333,134.3644479588188,148.95171141747946,71.42857142857143
DLR,Digital Realty,135.05999755859375,136.42431279369507,1.3643152351013157,1.0101549383705772,0.0555093427807243,0.0188190031160283,121.30400285428739,137.3293783041048,57.14285714285714
DFS,Discover Financial,123.72000122070312,108.3952922914734,-15.324708929229729,-12.386605866493731,0.0854308662262741,0.0268000275354777,-73.56384992569267,105.27929746561517,71.42857142857143
DG,Dollar General,142.49000549316406,130.02477072556647,-12.465234767597593,-8.748146738050067,0.0281121562792274,0.0230959104986926,163.60504458283538,128.4115973054651,71.42857142857143
DLTR,Dollar Tree,146.2899932861328,140.36467302450257,-5.925320261630247,-4.0503934196242275,0.0082140124824001,0.02120373739641,15.074977612437257,139.66961616955763,28.57142857142857
D,Dominion Energy,45.34999847412109,46.361940990284616,1.0119425161635291,2.2314058439075644,0.0136357623747933,0.0140443791073107,-37.34261614381366,46.40700749696071,28.57142857142857
DPZ,Domino's,417.1499938964844,406.3420274966797,-10.807966399804684,-2.5909065223399423,0.0031279888778451,0.0190343977772852,35.81086678721759,407.118837681735,57.14285714285714
DOV,Dover Corporation,160.0800018310547,155.04750950048447,-5.032492330570221,-3.1437358027278233,0.0009207122966993,0.0152707593257614,105.31714591962668,152.12162655023823,57.14285714285714
DOW,Dow Inc.,54.709999084472656,54.29508220897522,-0.4149168754974397,-0.758393131860238,0.0138447187013985,0.016484820989857,-28.938803113439,53.197690063317104,57.14285714285714
DHI,DR Horton,143.47000122070312,139.59380157338984,-3.8761996473132854,-2.7017492258541496,0.0312053533513716,0.022479096690621,168.6109495455688,140.3197849955034,42.857142857142854
DTE,DTE Energy,107.63999938964844,107.02553858153685,-0.6144608081115877,-0.5708480226642211,0.0012471651860204,0.0130509840980158,19.016930324546188,104.24363378073339,57.14285714285714
DUK,Duke Energy,91.94000244140624,92.10810060783692,0.16809816643068132,0.1828346334206495,0.0041461292181146,0.0124858199475878,64.98047996567804,89.85418015435721,14.285714285714285
DD,DuPont,67.97000122070312,67.34283347262802,-0.6271677480751094,-0.9227125743880068,0.0049759513131166,0.0198311945429576,22.22269780462037,64.83685386382196,85.71428571428571
EMN,Eastman Chemical Company,84.51000213623047,81.35169335228302,-3.1583087839474473,-3.7372011644920335,0.0051690618891426,0.0182484825857453,16.702088366925388,81.57450979859149,57.14285714285714
ETN,Eaton Corporation,276.0899963378906,253.4392754570221,-22.650720880868533,-8.204107784168906,0.0080746661394557,0.0164666295247169,157.76972531842165,250.82227851579378,71.42857142857143
EBAY,eBay,43.59000015258789,42.709108507814406,-0.8808916447734845,-2.0208571729522853,0.0113634656097778,0.0196864453311715,1651.9550111965682,42.217002049305115,14.285714285714285
ECL,Ecolab,216.38999938964844,204.8188474144371,-11.571151975211336,-5.347359863140177,0.0068776334988722,0.0206646026558462,1236.8508194969825,197.52184300573714,28.57142857142857
EIX,Edison International,66.54000091552734,65.81365713147049,-0.7263437840568514,-1.091589681489404,0.0040461897177708,0.0145587653380872,17.61088566323531,64.35584578907766,14.285714285714285
EW,Edwards Lifesciences,86.9000015258789,81.43633058043228,-5.463670945446623,-6.287308227284134,0.0060468784030296,0.0221156102085541,157.8486494797344,81.79053610556514,42.857142857142854
EA,Electronic Arts,141.0399932861328,136.01287879677886,-5.027114489353949,-3.5643184406250388,0.0025527235049156,0.0143013769399125,109.05070815899565,135.45030839440386,71.42857142857143
ELV,Elevance Health,508.9100036621094,505.14445388012695,-3.765549781982429,-0.7399244964503713,0.0104111268780003,0.0109641144631915,88.94808979562889,500.36941805574,85.71428571428571
LLY,Eli Lilly and Company,755.6599731445312,671.8128734079885,-83.84709973654276,-11.095876811845603,0.0465829735052136,0.0175601057677938,16.298945268660944,660.2654350899027,85.71428571428571
EMR,Emerson Electric,104.8000030517578,99.24421147707366,-5.555791574684136,-5.30132768406532,0.0119876639373847,0.0160288683604863,58.243451259180766,94.16971290178849,71.42857142857143
ENPH,Enphase,127.5500030517578,124.82711247923157,-2.722890572526225,-2.1347632358905697,0.0002784511503279,0.0427322552554392,162.9278575038065,110.94369973059464,57.14285714285714
ETR,Entergy,100.01000213623048,99.94154033538696,-0.06846180084352227,-0.0684549538857781,0.0020490302426299,0.0128732076206285,31.73121315427218,97.49873235781818,42.857142857142854
EOG,EOG Resources,113.12999725341795,115.21865709660874,2.088659843190783,1.8462475858742045,0.0016008793034687,0.0177265851615059,-21.523934925515473,114.64721783242092,57.14285714285714
EPAM,EPAM Systems,297.8099975585937,290.20893973035004,-7.601057828243654,-2.55231788407243,0.0577338610361835,0.0390388197215015,10.63410205967052,278.51671891609254,57.14285714285714
EQT,EQT,33.72999954223633,33.598804411655884,-0.13119513058044419,-0.3889568110315658,0.0275869912617648,0.0237727213822302,-73.92967346020892,33.81818173592571,14.285714285714285
EFX,Equifax,257.8500061035156,242.36287219255416,-15.487133910961461,-6.006256949532142,0.0060234968796432,0.0200646334522573,1137.1022916910001,236.05286759254366,57.14285714285714
EQIX,Equinix,854.739990234375,812.3108812099854,-42.42910902438962,-4.963978462357342,0.0140776945880631,0.0170331258435803,80.28043646176248,802.3865799782751,57.14285714285714
EQR,Equity Residential,60.119998931884766,59.13423577678287,-0.9857631551018926,-1.6396593024207307,0.0048186749877653,0.0137637382796122,15.885879899540612,59.22942215883516,14.285714285714285
ESS,Essex Property Trust,232.9499969482422,230.26511260287478,-2.684884345367408,-1.1525582230266982,0.0095646503107975,0.016010739060011,12.79110543477724,229.10765033459413,28.57142857142857
EL,Est√©e Lauder Companies (The),145.11000061035156,142.03954026667594,-3.07046034367562,-2.115953642588977,0.0112040509522512,0.0253417282823029,44.24291826370309,141.81581496205072,57.14285714285714
ETSY,Etsy,75.87000274658203,74.7752947459821,-1.0947080005999368,-1.4428732845264776,0.0044108408110951,0.0329393493654281,81.57684284818667,73.60506753371075,71.42857142857143
EG,Everest Re,368.1099853515625,347.3296866991211,-20.780298652441388,-5.645133106779273,0.0128650307302409,0.0169933154790227,36.03618521022788,352.7269270563651,57.14285714285714
EVRG,Evergy,50.18000030517578,50.824682646692736,0.6446823415169547,1.2847396125871673,0.00084372134667,0.0130084359580837,232.1362024941512,50.87987836563325,42.857142857142854
ES,Eversource,57.52000045776367,57.96867312834313,0.44867267057945526,0.7800289760235848,0.0194133135833784,0.0181812295458331,-33.60226894396147,58.13885527305217,28.57142857142857
EXC,Exelon,34.72999954223633,34.73021181691491,0.0002122746785815366,0.0006112141703986554,0.004668829724102,0.0130440680030038,-60.66793025985081,35.209651321069856,42.857142857142854
EXPE,Expedia Group,135.99000549316406,132.95672719787598,-3.033278295288085,-2.2305156061197167,0.0208019914404988,0.0288831417191298,164.66708156556317,142.85602111910927,42.857142857142854
EXPD,Expeditors International,115.56999969482422,118.89701491719512,3.3270152223709033,2.878787947699461,0.0407427837765023,0.022292801562868,-65.6028054117316,119.16667952027423,42.857142857142854
EXR,Extra Space Storage,141.4199981689453,142.43841483994333,1.0184166709980218,0.7201362495998518,0.0002485743453249,0.018295915394273,99.96285147524215,142.57213971501236,14.285714285714285
XOM,ExxonMobil,102.75,101.24889190018081,-1.5011080998191915,-1.4609324572449551,0.0067122453653239,0.0150134017619678,-28.570032181806308,100.64581458168077,28.57142857142857
FFIV,"F5, Inc.",183.13999938964844,183.41197923613282,0.2719798464843848,0.1485092537898948,0.0076562507910611,0.0108230096678874,-1.7564266514695843,184.05668075757427,42.857142857142854
FDS,FactSet,456.8599853515625,418.55480247161864,-38.30518287994386,-8.384446900173865,0.0061751279657179,0.0134753305654595,342.810986601482,418.08535848453784,28.57142857142857
FICO,Fair Isaac,1259.199951171875,1188.963166332892,-70.23678483898311,-5.5778897365440026,0.0014289594352086,0.0201683174322781,260.9098551852691,1169.6628763165588,57.14285714285714
FAST,Fastenal,70.08000183105469,68.88131397585296,-1.198687855201726,-1.7104563696951118,0.0025190939088489,0.0142011425771959,243.80931569772372,67.55363389860965,57.14285714285714
FRT,Federal Realty,99.41000366210938,97.58463223776727,-1.8253714243421086,-1.8362049664000346,0.005345384814643,0.0150117516163044,112.12845536750729,99.23023569102212,42.857142857142854
FDX,FedEx,239.5399932861328,234.08192755976563,-5.458065726367181,-2.2785613589992337,0.0025881601695761,0.0182058251237765,6376.4424887559635,235.88424971923564,57.14285714285714
FIS,Fidelity National Information Services,62.959999084472656,63.105724109819874,0.1457250253472182,0.2314565239299015,0.0077072937911514,0.0214442245757922,62.58900843568268,61.4711219738364,42.857142857142854
FITB,Fifth Third Bank,33.79999923706055,33.211485299827274,-0.588513937233273,-1.741165534074887,0.0033399031038302,0.0193354134281166,408.72977200429494,32.39256163288336,71.42857142857143
FSLR,First Solar,153.25,144.93334846567785,-8.316651534322148,-5.426852550944305,0.0045030870183021,0.0319503593688647,1506.5659269137361,141.0429069150251,57.14285714285714
FE,FirstEnergy,37.150001525878906,37.514175405854985,0.36417387997607875,0.9802795828215326,0.0062574897687247,0.0136031713332084,-20.87676191341527,36.24526087539114,57.14285714285714
FI,Fiserv,147.92999267578125,136.65744474505235,-11.272547930728905,-7.6201909611629555,0.0006689109970834,0.0115531830679952,1240.396856818648,134.20443710705095,85.71428571428571
FLT,Fleetcor,272.9100036621094,264.2487682709299,-8.661235391179503,-3.1736599153408105,0.0130716030177423,0.0195031889345997,7960.143608112579,272.3682976685885,57.14285714285714
FMC,FMC Corporation,50.9900016784668,61.117032718185115,10.127031039718318,19.860817231537744,0.0266303646448706,0.0277866079690446,37.9687821197454,61.64264623547678,57.14285714285714
F,Ford Motor Company,12.25,11.973988681361389,-0.27601131863861106,-2.253153621539682,0.0096553899764798,0.0250070668062339,614.9159132770416,11.525673233391993,42.857142857142854
FTNT,Fortinet,67.91000366210938,65.88880826307533,-2.021195399034042,-2.976285215784453,0.01223469286821,0.0251556743645512,17.71945342535207,65.32283759911404,28.57142857142857
FTV,Fortive,83.73999786376953,80.31290455742187,-3.4270933063476576,-4.092540475010454,0.0024529231009019,0.0155936731278918,48.288578757443446,77.90858997685496,57.14285714285714
FOXA,Fox Corporation (Class A),30.09000015258789,30.23073887740383,0.14073872481593952,0.4677259026329227,0.0053954075562317,0.0175366223889281,259.37019240331267,30.34245160911442,28.57142857142857
FOX,Fox Corporation (Class B),27.6299991607666,28.084187738294755,0.45418857752815356,1.6438240728326972,0.0033519090494859,0.0182845369815117,383.93069162951804,28.299506013734838,28.57142857142857
BEN,Franklin Templeton,27.100000381469727,26.704330395641765,-0.3956699858279613,-1.460036827521634,0.0018336209463236,0.0184354330391498,445.8505704224974,26.057847191076217,57.14285714285714
FCX,Freeport-McMoRan,38.13999938964844,38.01760651623958,-0.12239287340885596,-0.3209042353631358,0.0233198423732112,0.0237600711686343,-8.270665403999706,37.39117774061727,28.57142857142857
GRMN,Garmin,122.75,116.19887720689941,-6.551122793100589,-5.336963578900684,0.013286995104845,0.0139545221146448,-75.35016018477921,115.82301320119397,71.42857142857143
IT,Gartner,445.0,438.93156583602905,-6.068434163970949,-1.3636930705552692,0.0024360701971275,0.0168140434937217,1491.4479624990452,438.17708721484274,57.14285714285714
GEN,Gen Digital,21.700000762939453,21.094767253168918,-0.6052335097705352,-2.7890944170112144,0.0121591995645465,0.0190669339973797,18.63695001121359,20.667615256178316,42.857142857142854
GNRC,Generac,114.38999938964844,127.43783994689285,13.047840557244413,11.406452160909058,0.0025651136845759,0.0334013234421618,159.59192436031566,125.08636419543404,71.42857142857143
GD,General Dynamics,268.92999267578125,260.9989143779315,-7.931078297849751,-2.9491237548246856,0.0001283923646036,0.0115843972532235,27.216698308626995,259.8758201197639,42.857142857142854
GE,General Electric,148.6199951171875,86.62038323385525,-61.99961188333225,-41.71687116154545,0.0063196670108053,0.0164899450904115,250.6673666979183,85.27361246425662,100.0
GIS,General Mills,65.77999877929688,64.40649693777333,-1.3735018415235487,-2.088023513244325,0.0093016327677989,0.0132214787316551,-34.29887987290261,64.3315690525025,42.857142857142854
GM,General Motors,39.0099983215332,38.46865133245602,-0.5413469890771836,-1.3877134385272825,0.0109205479611982,0.020946882082298,596.8274371957233,38.10642765028529,28.57142857142857
GPC,Genuine Parts Company,144.27999877929688,142.1674686394287,-2.11253013986817,-1.464187799931769,0.0104958525492028,0.0153246402422055,165.78597200250854,141.79316775517117,28.57142857142857
GILD,Gilead Sciences,72.04000091552734,75.15845070258217,3.1184497870548284,4.328775329572053,0.0219947270820289,0.0151155174309231,123.41629480913001,75.63198665916913,71.42857142857143
GPN,Global Payments,130.8000030517578,127.34717136398926,-3.452831687768551,-2.6397795162147353,0.0007810367849358,0.0232027123743731,-14.09731766231792,128.9847849482831,28.57142857142857
GL,Globe Life,125.8499984741211,120.67642826111373,-5.173570213007366,-4.110902086400281,0.0033757236741671,0.0107351354857856,357.7188547977409,117.54766306461286,57.14285714285714
GS,Goldman Sachs,384.5199890136719,367.1379125231262,-17.38207649054567,-4.520461091016946,0.001947361909882,0.0155849117214676,132.07418821553264,363.9219737087236,28.57142857142857
HAL,Halliburton,35.130001068115234,35.10628046983471,-0.023720598280526417,-0.06752233862598928,0.0030133566012589,0.0197275748283665,445.8884143548802,34.20357521710817,42.857142857142854
HIG,Hartford (The),93.43000030517578,91.93919453148958,-1.4908057736862048,-1.595639268775233,0.0029578374334323,0.0122272239355041,1269.3688912536866,88.62947282510318,42.857142857142854
HAS,Hasbro,50.18999862670898,50.26627340001953,0.07627477331055132,0.15197205697862112,0.0045140272120711,0.0214879268978143,213.52966100679635,49.647193574465966,42.857142857142854
HCA,HCA Healthcare,308.5799865722656,285.34660136236084,-23.23338520990478,-7.529128984670498,0.0019737866700499,0.0131787362150421,92.01742053967098,287.45632255353075,71.42857142857143
PEAK,,16.920000076293945,17.34662340242626,0.42662332613231513,2.5214144456774736,0.0022957539185137,0.019628626351283,240.30961532675002,17.69802704226942,28.57142857142857
HSIC,Henry Schein,75.63999938964844,75.14425596003304,-0.49574342961540196,-0.6553985108614979,0.0014969654438837,0.0141542050170007,179.34695184756734,74.76665609759604,42.857142857142854
HSY,Hershey's,193.57000732421875,194.16715917488784,0.5971518506690927,0.30849399600884314,0.0090438899881919,0.0132644666550225,3.5055692641760783,195.38343616450632,42.857142857142854
HES,Hess Corporation,146.67999267578125,138.3386307355301,-8.341361940251147,-5.6867755363805745,0.0104855452363355,0.0186525231065827,9.039687618919267,138.2488365073134,57.14285714285714
HPE,Hewlett Packard Enterprise,15.010000228881836,14.771967147126826,-0.2380330817550096,-1.5858299675238698,0.0192378566362933,0.0183761029644018,116.05004856883092,14.278661077259576,57.14285714285714
HLT,Hilton Worldwide,197.08999633789065,186.39307319052932,-10.696923147361332,-5.427430791069959,0.0067845820522389,0.0132118006983539,52.17901692777935,186.26418623550293,57.14285714285714
HOLX,Hologic,74.58000183105469,73.52634041653793,-1.0536614145167533,-1.4127934951028853,0.0076259382545692,0.0127117630976707,207.79936260607244,72.60311488328162,42.857142857142854
HD,Home Depot (The),362.5700073242188,353.62064021781924,-8.949367106399563,-2.4683142360412687,0.0020535386820838,0.0116373680339291,346.44263980883284,353.23994392967285,71.42857142857143
HON,Honeywell,198.94000244140625,191.04523497351073,-7.8947674678955195,-3.9684162918519936,0.0091111834106969,0.0123870926175359,193.15474602786787,190.68763156706967,57.14285714285714
HRL,Hormel Foods,29.440000534057617,32.19718824301433,2.757187708956714,9.36544721107279,0.0138127798861709,0.0138739497389115,272.6806953680331,32.339353202592385,57.14285714285714
HST,Host Hotels & Resorts,19.65999984741211,18.651809792104533,-1.0081900553075762,-5.128128500165205,0.0042703527741521,0.01916927234104,-11.518617617771183,17.945850125223092,71.42857142857143
HWM,Howmet Aerospace,63.11000061035156,58.5246160712574,-4.585384539094164,-7.265701940655743,0.0083039489003555,0.017593214326245,1230.6373985721625,56.261822053979586,57.14285714285714
HPQ,HP Inc.,28.6299991607666,28.567455844036104,-0.06254331673049762,-0.21845378471475632,0.0122828349862738,0.0158124336719288,155.33193457484188,27.863323223681558,42.857142857142854
HUBB,Hubbell Incorporated,355.3500061035156,339.5943646007694,-15.755641502746244,-4.433837408787473,0.0073641068627734,0.0180006099595636,291.5123559746354,325.5300345784641,57.14285714285714
HUM,Humana,367.1400146484375,428.1597253806543,61.01971073221682,16.620283351747293,0.0052647752893932,0.0168924852564321,3560.0543521740697,432.88257712844825,57.14285714285714
HBAN,Huntington Bancshares,12.760000228881836,12.822133822769166,0.06213359388732975,0.4869403822320663,0.0077197813135914,0.0173975546603839,43.31703939420508,11.923944791810204,71.42857142857143
HII,Huntington Ingalls Industries,284.79998779296875,269.22368493707273,-15.576302855896017,-5.469207697866541,0.000967760305033,0.0143051155501409,60.02072317647179,262.00222280018096,71.42857142857143
IBM,IBM,183.44000244140625,180.37580214575365,-3.064200295652597,-1.670410082245476,0.0189148566123915,0.0140805689310719,876.7449523513486,180.0080367065709,42.857142857142854
IEX,IDEX Corporation,230.3500061035156,224.27637855513916,-6.073627548376436,-2.6366951975017727,0.0095489723406287,0.0134623878049619,2616.9172394111138,221.6211788289763,57.14285714285714
IDXX,Idexx Laboratories,551.2100219726562,540.0383018710205,-11.171720101635742,-2.026762877361097,0.0111838858990144,0.0222845531911321,120.96613635459417,540.9955215485604,42.857142857142854
ITW,Illinois Tool Works,255.6000061035156,246.52273778232723,-9.07726832118837,-3.5513568483688385,0.012720555697673,0.0112952138285465,442.391942917485,245.54423503265804,71.42857142857143
ILMN,Illumina,140.0500030517578,138.97914730957223,-1.0708557421855858,-0.7646238620857675,0.0037687660440878,0.0301612425443822,1524.140650044425,140.52298700974123,0.0
INCY,Incyte,58.81999969482422,58.24492703385353,-0.5750726609706902,-0.9776821896537563,0.0226306593209297,0.0164780677528716,119.45583154577884,58.23451518493948,0.0
IR,Ingersoll Rand,86.73999786376953,82.27206019684468,-4.467937666924854,-5.150954319761483,0.0353157773262056,0.0155929358383773,-60.646607330717764,79.3815144875252,71.42857142857143
PODD,Insulet,192.2100067138672,190.01051745049057,-2.19948926337662,-1.1443156893755706,0.0026493222435676,0.0189326441932742,456.98083361862024,196.3647363115107,42.857142857142854
INTC,Intel,44.52000045776367,42.23049502514715,-2.2895054326165223,-5.1426446744729635,0.0249483927877581,0.0245801293502532,-25.74736196512486,40.94129226743241,42.857142857142854
ICE,Intercontinental Exchange,136.42999267578125,128.222944726886,-8.207047948895251,-6.015574572666636,0.0047542681102654,0.0135804772332655,176.38836055906305,125.60365613823119,71.42857142857143
IFF,International Flavors & Fragrances,82.02999877929688,77.89563036989033,-4.134368409406548,-5.040068841802787,0.0059705667563332,0.0230148372128259,-57.41685325712743,78.56263868174368,57.14285714285714
IP,International Paper,35.27700424194336,33.92123802767296,-1.3557662142703961,-3.8432010977236795,0.0157537111072678,0.0172437482994424,74.81034002566524,33.331567030849065,57.14285714285714
IPG,Interpublic Group of Companies (The),32.599998474121094,32.49061954727535,-0.1093789268457428,-0.33551819621271217,0.0021706609375595,0.0163045033879718,134.3277089212775,31.613664449590505,42.857142857142854
INTU,Intuit,645.9099731445312,633.0487879681397,-12.861185176391587,-1.9911730289251501,0.0015307327340202,0.0181107196832695,699.012815359616,615.8599464127852,57.14285714285714
ISRG,Intuitive Surgical,377.6400146484375,356.15532066836545,-21.484693980072052,-5.689199541016103,0.0010189270172391,0.0213570385881244,219.50971357955308,360.6836742243036,28.57142857142857
IVZ,Invesco,15.529999732971191,15.293803749716474,-0.23619598325471713,-1.5209013993300837,0.0154673422106543,0.0243572128484333,1226.0374011495162,15.274276905702536,14.285714285714285
INVH,Invitation Homes,32.77000045776367,32.79134151615906,0.021341058395385915,0.06512376593613968,0.0049634691538213,0.0133870213142814,73.72018572144574,32.39224958739522,14.285714285714285
IQV,IQVIA,234.75999450683597,220.08887251547242,-14.671121991363549,-6.249413160101408,0.0030180246337174,0.0221390227780028,16.382716699189967,214.04440576327798,42.857142857142854
IRM,Iron Mountain,68.41999816894531,65.0147002678791,-3.4052979010662057,-4.977050558606728,0.0165260691713696,0.0154472957210794,350.88163845041214,63.839408812355465,71.42857142857143
JBHT,J.B. Hunt,199.72999572753903,196.0857266451198,-3.6442690824192425,-1.8245977871999552,0.0178949219029237,0.0190590957423355,-64.21904458697266,202.99539282691467,57.14285714285714
JBL,Jabil,137.3300018310547,129.208157119775,-8.121844711279692,-5.9141080630518745,0.0068516109345106,0.0226493866054097,380.8435867906018,125.26348933201584,57.14285714285714
JKHY,Jack Henry & Associates,173.10000610351562,173.38427460791016,0.28426850439453233,0.16422212268700717,0.0090664847726437,0.0139929625039825,114.91839480643462,169.9566079361548,42.857142857142854
J,Jacobs Solutions,145.3699951171875,137.71816026287536,-7.651834854312142,-5.2636961624327965,0.0116283942560804,0.0155004738582331,137.50882157201937,135.56248624540584,71.42857142857143
JNJ,Johnson & Johnson,157.86000061035156,156.33690775906982,-1.5230928512817457,-0.9648377330500718,0.0067049180353296,0.0103585517126404,364.7413951577955,155.61436078361095,28.57142857142857
JCI,Johnson Controls,56.630001068115234,56.47120604293289,-0.1587950251823429,-0.28040795018058073,0.0038176659630145,0.0179105509173563,3.3720761055283344,54.645774859169215,42.857142857142854
JPM,JPMorgan Chase,179.72999572753906,164.86164463472903,-14.86835109281003,-8.27260415415001,0.0060692927325756,0.0110372614990026,503.51881016084275,165.45987644409078,57.14285714285714
JNPR,Juniper Networks,36.900001525878906,35.74286503150711,-1.157136494371798,-3.1358711287864556,0.0013385343034626,0.018613896938215,784.001328493923,34.3674358396877,28.57142857142857
K,Kellanova,56.130001068115234,54.90875885316315,-1.2212422149520847,-2.175738805830549,0.0073431602822854,0.0137149017879892,215.72612224167412,54.67050939335401,57.14285714285714
KDP,Keurig Dr Pepper,31.229999542236328,31.487211687399558,0.2572121451632299,0.8236059844169032,0.0086461071464018,0.0113834213690258,371.0231820688722,31.203275411546915,57.14285714285714
KEY,KeyCorp,14.1899995803833,14.189351067767962,-0.0006485126153386034,-0.004570208840845405,0.0125085166579788,0.0232872907234143,822.074375278936,13.716957901499649,14.285714285714285
KEYS,Keysight,154.42999267578125,154.8331516720032,0.40315899622194706,0.26106262730217245,0.0061637733831564,0.016157482343385,-64.59938928962534,155.62284162574926,42.857142857142854
KMB,Kimberly-Clark,119.1500015258789,119.09946466372742,-0.050536862151489004,-0.04241448720461208,0.0081048323039568,0.0117636447014436,361.1569017885722,119.64452456319029,57.14285714285714
KIM,Kimco Realty,19.63999938964844,19.356395592366407,-0.28360379728203355,-1.444011232665879,0.0053853260337919,0.0159707671457037,242.53593680320415,19.00854255035564,42.857142857142854
KMI,Kinder Morgan,17.059999465942383,16.656899148929597,-0.40310031701278604,-2.3628389779115335,0.0078790770407035,0.0117154975843416,-30.412191226690037,15.827335429342522,57.14285714285714
KLAC,KLA Corporation,651.77001953125,610.0284991341186,-41.74152039713135,-6.404332685807129,0.0199738831673821,0.0239556340352264,128.57663886018787,596.4478200477827,57.14285714285714
KHC,Kraft Heinz,35.619998931884766,34.334991142771536,-1.28500778911323,-3.6075458384221695,0.0195079102921876,0.0169605399468801,1384.4922015265627,35.331006859249285,14.285714285714285
KR,Kroger,48.0,45.82493087732934,-2.1750691226706635,-4.531394005563882,0.0061989670657521,0.0149051497533349,83.38489887664335,44.591776459060945,57.14285714285714
LHX,L3Harris,211.8300018310547,208.03389572520692,-3.7961061058477696,-1.7920530958949619,0.0028393758506125,0.0141196951729106,100.388540222663,206.94873133311782,57.14285714285714
LH,LabCorp,215.6699981689453,210.73981534453245,-4.930182824412867,-2.285984544104648,0.014522769374059,0.0147673391697015,40.04983364621562,216.2988613048896,28.57142857142857
LRCX,Lam Research,900.4400024414062,862.8079871946518,-37.63201524675446,-4.179291806752363,0.029231735327927,0.0234930890130613,11.954744454346516,828.7476301525345,57.14285714285714
LW,Lamb Weston,102.16000366210938,99.04829695352387,-3.1117067085855012,-3.045914836570838,0.0222842356982482,0.0159690485458769,83.8701471084507,99.66688401367763,57.14285714285714
LVS,Las Vegas Sands,53.060001373291016,52.06283922179108,-0.9971621514999356,-1.8793104517367771,0.0321915326908636,0.0214148382334489,-37.577416788976926,50.132465723886995,85.71428571428571
LDOS,Leidos,123.5,116.07141646023561,-7.428583539764389,-6.015047400618938,0.0113143856603782,0.0167062336032601,274.68608221811735,110.44047495565216,100.0
LEN,Lennar,150.99000549316406,149.38791501322876,-1.602090479935299,-1.061057302900643,0.0221057831995921,0.0199492473549328,1883.2928435979766,146.76378554934962,57.14285714285714
LIN,Linde plc,435.9599914550781,406.2345087019013,-29.725482753176834,-6.818396948298817,0.0022252840910845,0.0128901906490906,818.1209820028366,402.0263348585044,71.42857142857143
LYV,Live Nation Entertainment,92.0500030517578,89.25165536616707,-2.798347685590727,-3.040029975900462,0.0047740472716274,0.0217975327679876,738.8034542077744,87.56918676905578,42.857142857142854
LKQ,LKQ Corporation,49.86000061035156,49.03300922593078,-0.8269913844207792,-1.6586269039256398,0.0149501276401721,0.0143395516199889,58.59062272073486,47.8231133848743,42.857142857142854
LMT,Lockheed Martin,424.2699890136719,413.7643161368256,-10.50567287684629,-2.476176290778783,0.0012524785068493,0.0127319635188567,149.0511112751153,419.3999154526078,28.57142857142857
L,Loews Corporation,73.87000274658203,69.657440166954,-4.2125625796280275,-5.7026701272499185,0.0044361814763926,0.0098089969123308,19.92043126366076,68.03825513292486,57.14285714285714
LOW,Lowe's,225.50999450683597,219.04229478330384,-6.467699723532121,-2.8680324070231236,0.0004089710704229,0.0150515559257552,33.169750560897796,215.72308636392205,57.14285714285714
LULU,Lululemon Athletica,444.6000061035156,433.7035244661194,-10.89648163739622,-2.4508505370688654,0.006692801754319,0.0231762584395672,280.41643058066467,439.9138427843181,28.57142857142857
LYB,LyondellBasell,96.2699966430664,95.68941308525848,-0.5805835578079268,-0.6030784024648055,0.0120927250929989,0.0141567258265084,-23.611411318304672,93.88915166213481,28.57142857142857
MTB,M&T Bank,137.36000061035156,136.88680344004487,-0.4731971703066904,-0.3444941527402919,0.0079477072936668,0.0215539096813213,492.627949780829,133.7445747126325,42.857142857142854
MRO,Marathon Oil,23.170000076293945,22.99423888392206,-0.17576119237188692,-0.7585722563363928,0.0072921089096056,0.0195252497990401,11.291384542910928,22.528614603155383,42.857142857142854
MPC,Marathon Petroleum,164.2899932861328,152.3172887737007,-11.972704512432102,-7.287543369473544,0.0153740353680809,0.0210502061487118,-25.605122401543223,152.1829124653404,71.42857142857143
MKTX,MarketAxess,213.97999572753903,233.04165050590512,19.06165477836609,8.90814803204189,0.011828789223901,0.024879505136905,25.091785150550322,234.38308367528182,71.42857142857143
MAR,Marriott International,242.4199981689453,226.32197381934202,-16.098024349603293,-6.640551304015931,0.0004792272809991,0.0175060746576179,1469.0708096254143,228.63375856386986,71.42857142857143
MMC,Marsh McLennan,200.88999938964844,191.39398465030672,-9.496014739341717,-4.7269723571073055,0.0045114534313286,0.0108306224801123,86.07083475246762,189.80922561678113,71.42857142857143
MLM,Martin Marietta Materials,533.1400146484375,505.9554783423898,-27.184536306047676,-5.098948786272152,0.0144322751757619,0.0147542919836134,13.069545595706519,492.051103557813,71.42857142857143
MAS,Masco,73.68000030517578,70.22468491740875,-3.4553153877670297,-4.689624556807045,0.010871944429832,0.017093399340882,97.60954023166866,67.73706407641502,57.14285714285714
MA,Mastercard,451.75,444.81386723416017,-6.9361327658398295,-1.5353918684758892,0.0204429994020634,0.0149679672532337,-59.01450089011604,437.7650798201703,57.14285714285714
MTCH,Match Group,36.150001525878906,36.17102260186684,0.02102107598793168,0.05814958534063465,0.0264925600200876,0.0284785455288105,-1.091944899707281,36.512608468742556,28.57142857142857
MKC,McCormick & Company,68.05999755859375,66.36087596671479,-1.6991215918789635,-2.496505514000595,0.0136846818799838,0.018351793971607,-28.468523510592775,66.68978979761224,42.857142857142854
MCD,McDonald's,292.6499938964844,284.97544764802325,-7.674546248461127,-2.6224317131459616,0.0011363269809094,0.0110350505744522,628.8411204356211,285.5228534538127,42.857142857142854
MCK,McKesson,506.739990234375,475.12721596476445,-31.612774269610554,-6.238460527851603,0.0134858802692827,0.0132372763245752,90.44045808376076,477.08185883969435,57.14285714285714
MDT,Medtronic,85.8499984741211,83.83474631115067,-2.0152521629704268,-2.347410831437476,0.014385838520974,0.0135891781895047,18.520081669524068,83.76919352586539,28.57142857142857
MRK,Merck & Co.,127.37000274658205,119.11337099533081,-8.256631751251234,-6.482398974018079,0.0092785621632226,0.0120448774820709,85.89873040018354,117.66633146996129,57.14285714285714
META,Meta Platforms,471.25,449.9582242902209,-21.291775709779074,-4.518148691730308,0.0134722811779101,0.027645690087827,1006.3539920193452,440.2534155785191,42.857142857142854
MET,MetLife,68.62000274658203,66.08367555796204,-2.5363271886199925,-3.6961921992145754,0.0063293892831911,0.0148152927491825,206.49502438241768,64.22506838970675,57.14285714285714
MTD,Mettler Toledo,1184.3699951171875,1179.895026036792,-4.474969080395567,-0.3778353976244384,0.0012948731745059,0.0194509851233896,159.64004803897706,1194.0471446277454,28.57142857142857
MGM,MGM Resorts,42.36000061035156,41.22535495934162,-1.13464565100994,-2.6785779855080203,0.0062492925369919,0.0193644683005214,870.1435492245455,41.83739894815445,57.14285714285714
MCHP,Microchip Technology,82.4000015258789,79.77250092504501,-2.6275006008338977,-3.1887142623519167,0.0145673596041271,0.0191772412814494,700.4880307418416,81.16719639791714,57.14285714285714
MU,Micron Technology,80.70999908447266,79.30835096210329,-1.401648122369366,-1.7366474269221264,0.0293769184472505,0.0240737689170569,520.4029460752129,80.6626022884943,28.57142857142857
MSFT,Microsoft,402.7900085449219,389.73289905664063,-13.057109488281242,-3.241666677743578,0.0021355456451828,0.0143507465983318,1143.2657089820764,393.6013986892593,42.857142857142854
MAA,Mid-America Apartment Communities,126.62000274658205,129.9446644958383,3.324661749256265,2.6257002662606643,0.0122401255151937,0.0155428872915144,-22.045458736287756,130.06355164390857,42.857142857142854
MRNA,Moderna,86.98999786376953,98.05039824305405,11.060400379284516,12.71456564075979,0.0106948280533861,0.0359180553221028,124.63016364534765,102.94499331440659,57.14285714285714
MHK,Mohawk Industries,114.06999969482422,113.71401767812485,-0.3559820166993717,-0.31207330380621007,0.0020371777117104,0.024941659814832,297.74639494108965,109.2443989956103,57.14285714285714
MOH,Molina Healthcare,401.489990234375,376.7253859402557,-24.764604294119295,-6.168174773090267,0.0067347126418291,0.0172528619437488,337.7899304197699,355.21470592207936,85.71428571428571
TAP,Molson Coors Beverage Company,62.720001220703125,61.84701941954956,-0.8729818011535642,-1.3918714670965333,0.0055447679232515,0.0158709670622971,71.02875240855441,60.2629723599512,42.857142857142854
MDLZ,Mondelez International,73.19000244140625,69.68274591268433,-3.507256528721925,-4.791988539049074,0.0081436582443744,0.0118413318946716,100.06074603267261,70.07705297495009,57.14285714285714
MPWR,Monolithic Power Systems,712.3200073242188,650.0978885683594,-62.222118755859356,-8.735135629503441,0.0141324430050406,0.0333264233576116,71.72398782220873,636.5890203637122,42.857142857142854
MNST,Monster Beverage,55.400001525878906,55.082962046764365,-0.3170394791145412,-0.5722734122424944,0.0194941332361814,0.0143227074311821,74.80987160369718,54.166325906132805,57.14285714285714
MCO,Moody's Corporation,375.3200073242188,364.10616496891845,-11.213842355300358,-2.9878083066361345,0.0133577240002443,0.0242973313046312,218.56556443328165,373.34599241547,28.57142857142857
MS,Morgan Stanley,85.3499984741211,85.42886586340774,0.07886738928664272,0.09240467568438919,0.0162816370335727,0.0169336021895272,63.22094925300392,83.76466815686544,71.42857142857143
MOS,Mosaic Company (The),30.36000061035156,35.55377435527481,5.193773744923252,17.107291306023164,0.0139654831736271,0.0210566576430006,1429.0615012875405,35.67734836053237,42.857142857142854
MSI,Motorola Solutions,323.0400085449219,315.0728469386795,-7.967161606242371,-2.4663080099982286,0.0130877687303069,0.0124088645267767,622.138745160135,319.8593398123032,42.857142857142854
MSCI,MSCI,556.5599975585938,543.8765342706421,-12.683463287951668,-2.2789031449599237,0.0067073199174502,0.0207537626463543,46.533957728319685,557.6397026623855,28.57142857142857
NDAQ,"Nasdaq, Inc.",55.540000915527344,54.556685603648376,-0.9833153118789681,-1.7704632619191445,0.0024220812537366,0.0162114913204821,237.19188739885828,54.8885044753823,28.57142857142857
NTAP,NetApp,85.45999908447266,86.05346462589355,0.5934655414208976,0.6944366344238881,0.0106887348248327,0.0182722419606105,259.24519391333297,85.54533687526373,57.14285714285714
NFLX,Netflix,575.1300048828125,513.433174010559,-61.696830872253486,-10.727458200485424,0.0006612830351182,0.0312052044958929,264.13162343163094,490.58751192691716,42.857142857142854
NEM,Newmont,33.189998626708984,39.118016972327496,5.928018345618511,17.86085745977723,0.0125369390665602,0.0220972732808252,116.86134989735577,39.32457952749441,42.857142857142854
NWSA,News Corp (Class A),26.25,24.840552797387218,-1.4094472026127818,-5.369322676620121,0.0072413471315536,0.0173209396990824,256.1279454730399,23.122744208538613,71.42857142857143
NWS,News Corp (Class B),27.399999618530277,25.863772459220407,-1.5362271593098704,-5.60666854269202,0.0064176916229023,0.0183076436393663,341.9147066720989,24.472891980394103,71.42857142857143
NEE,NextEra Energy,56.61000061035156,57.91608878661823,1.3060881762666696,2.3071686313104216,0.0022572646618344,0.0179569015481573,58.61700656485027,57.62944658072864,28.57142857142857
NKE,"Nike, Inc.",103.3000030517578,105.44254367878418,2.142540627026378,2.0740954150338906,0.0157059881048872,0.0213542706819283,44.344084866674024,103.72383309571856,42.857142857142854
NI,NiSource,26.020000457763672,25.691421083220593,-0.32857937454307873,-1.2627954218388164,0.0051771402514902,0.0129804996043461,339.3816908658062,25.040262484043552,28.57142857142857
NDSN,Nordson Corporation,264.1099853515625,253.21709574310762,-10.89288960845488,-4.124376287384636,0.0026996794541121,0.0141306804568964,113.58425106076955,246.689054625916,71.42857142857143
NSC,Norfolk Southern Railway,253.7899932861328,241.4345784962677,-12.355414789865108,-4.868361683565328,0.0113161906340043,0.0171000268159157,200.0704810978354,241.03724410259295,57.14285714285714
NTRS,Northern Trust,79.61000061035156,77.48542701747772,-2.124573592873844,-2.6687270149293143,0.0044646169527072,0.019882031542016,261.74886658250136,77.73605340751531,42.857142857142854
NOC,Northrop Grumman,453.9100036621094,444.32216063766117,-9.587843024448205,-2.112278413582926,0.0031036908449837,0.0149588817381198,210.77388780584135,445.9436488545824,42.857142857142854
NCLH,Norwegian Cruise Line Holdings,16.18000030517578,15.008440315734557,-1.1715599894412243,-7.24079089829471,0.007301560506533,0.0310948007864829,179776.89183247325,15.329730762772115,42.857142857142854
NRG,NRG Energy,51.70000076293945,50.06017773322907,-1.639823029710385,-3.1718046528267623,0.0010971285341862,0.0141705442534128,180.52563699064657,50.60869691517873,57.14285714285714
NUE,Nucor,183.9900054931641,174.02342599880907,-9.966579494355017,-5.41691352616722,0.003118626008996,0.0224347846101153,198.93433285323337,172.89885366997075,57.14285714285714
NVDA,Nvidia,694.52001953125,658.241635296058,-36.27838423519199,-5.223518864103764,0.0310338790844866,0.0308424946091437,179.87373268330023,627.70893175364,42.857142857142854
NVR,"NVR, Inc.",7420.02001953125,7039.879378913086,-380.14064061816407,-5.1231754040763215,0.0164558640028183,0.0176578970858456,256.58933007523746,6999.217548306654,57.14285714285714
NXPI,NXP Semiconductors,231.3500061035156,221.42595717701172,-9.924048926503872,-4.289625530445606,0.0045898996925209,0.0188182033726191,29.758275166137153,220.12060736505683,71.42857142857143
ORLY,O'Reilly Auto Parts,1035.6300048828125,969.4671730913556,-66.16283179145694,-6.388655357561182,0.012573274426187,0.0150125723527077,13.11499122946245,973.8738480641481,71.42857142857143
OXY,Occidental Petroleum,59.560001373291016,58.88557271335449,-0.6744286599365239,-1.1323516527636677,0.0161130790258406,0.019162078038398,-13.011847294571096,57.91475669037083,57.14285714285714
ODFL,Old Dominion,419.4100036621094,405.9069579460022,-13.50304571610718,-3.2195335347760765,0.0078963891079664,0.0208343490743505,37.29132019190487,400.74269359710604,57.14285714285714
OMC,Omnicom Group,88.36000061035156,86.40818776571442,-1.9518128446371463,-2.2089325839235987,0.0029458523291524,0.0158352300924971,232.84988427499223,85.53046693040231,28.57142857142857
ON,ON Semiconductor,77.47000122070312,79.31150188023759,1.8415006595344607,2.3770499942141954,0.0069838362930585,0.0328364701642428,174.38899321576147,77.99512434377071,42.857142857142854
OKE,ONEOK,71.69000244140625,66.7229741886673,-4.967028252738956,-6.928481076282028,0.0121470504284238,0.0160144414441924,-15.475515726621811,64.4726450965848,71.42857142857143
ORCL,Oracle Corporation,108.4499969482422,109.59202833090782,1.1420313826656212,1.0530487918876164,0.0091287078547162,0.0198206237233478,20.03351246621303,109.44948301239222,14.285714285714285
OTIS,Otis Worldwide,91.0199966430664,85.84723478323593,-5.172761859830473,-5.683104867730751,0.0058474320547529,0.0112318642122917,64.78846270641078,85.01127430190465,57.14285714285714
PCAR,Paccar,107.41000366210938,98.55780606685792,-8.852197595251454,-8.241501995567113,0.0004657453509172,0.0135245703728263,27.439486864923946,98.05939511491678,71.42857142857143
PKG,Packaging Corporation of America,169.61000061035156,165.08813507573623,-4.52186553461533,-2.666037095892418,0.0022674673325455,0.0149953842727101,1179.0819185208134,161.47275708871092,71.42857142857143
PANW,Palo Alto Networks,366.0899963378906,346.43018156921386,-19.659814768676767,-5.3702135992078075,0.0002886107452004,0.0240877485811763,-89.79397074891764,338.3037931009615,42.857142857142854
PARA,Paramount Global,11.949999809265137,13.846525322151031,1.8965255128858942,15.870506637292747,0.0309860011121195,0.0357607601574831,498.05338142289077,14.00736322298702,57.14285714285714
PH,Parker Hannifin,519.530029296875,493.609191555303,-25.920837741571972,-4.989285754406322,0.0017357695097501,0.0172592939155515,170.20996893911874,484.45465544598807,42.857142857142854
PAYX,Paychex,124.48999786376952,123.20496761870194,-1.2850302450675741,-1.032235735495629,0.002943655705474,0.014228553970248,14.934489241776856,120.72919819273237,57.14285714285714
PAYC,Paycom,190.0500030517578,196.80029093672,6.750287884962177,3.551848343366676,0.0102113398281985,0.0350322308896809,26.620451974294713,195.9502691534378,14.285714285714285
PYPL,PayPal,58.630001068115234,60.111263191687016,1.4812621235717813,2.526457609732735,0.0005399143274327,0.0313553353588602,297.7497994505294,62.29831607948869,28.57142857142857
PNR,Pentair,74.61000061035156,69.5151655216854,-5.094835088666159,-6.828622231587664,0.0018652955777055,0.0177856396176857,469.80307803545134,68.53793275951178,71.42857142857143
PEP,PepsiCo,168.64999389648438,166.8906171493776,-1.759376747106785,-1.0432118652709066,0.0163542855548956,0.0118664143121253,30.64666981120398,168.53788073402347,28.57142857142857
PFE,Pfizer,27.59000015258789,29.06797655998352,1.47797640739563,5.356927869596255,0.0035902496279066,0.0144661363435159,413.7429292746143,28.602730425437187,28.57142857142857
PCG,PG&E Corporation,16.6299991607666,16.32407524181938,-0.30592391894722226,-1.8395907058669985,0.0128462173949532,0.0136107030258517,516.9781601056383,15.48568772986403,42.857142857142854
PM,Philip Morris International,89.63999938964844,89.27808841888124,-0.36191097076719814,-0.40373825661693546,0.0053832950815257,0.0108604161092932,47.215603664920756,88.870566500414,42.857142857142854
PSX,Phillips 66,141.13999938964844,137.2433131187439,-3.8966862709045245,-2.760866010879633,0.0058657900500331,0.015414155694147,-38.89034820138613,136.85834717400638,57.14285714285714
PNW,Pinnacle West,69.0999984741211,66.7903922037024,-2.3096062704186977,-3.342411463704557,0.0119711308749751,0.0140450559139993,969.0030160404509,66.65405919386963,28.57142857142857
PXD,Pioneer Natural Resources,229.13999938964844,219.28044508111086,-9.859554308537582,-4.3028516779262045,0.0075204034889089,0.0150793916673888,-29.908748847583176,220.3316404063294,57.14285714285714
PNC,PNC Financial Services,146.6999969482422,149.55708493004363,2.857087981801442,1.9475719435832453,0.0065923422080183,0.0180013976559137,86.32700267065431,148.6884691208192,42.857142857142854
POOL,Pool Corporation,384.7699890136719,379.15757446955564,-5.612414544116234,-1.4586414492729083,0.0013010021001837,0.0223573282051136,78.18498242616427,377.43478182655355,42.857142857142854
PPG,PPG Industries,141.16000366210938,136.07593825838134,-5.084065403728033,-3.6016330914085364,0.0012103609404261,0.0137413743169292,23.002455485735762,135.60524938458988,57.14285714285714
PPL,PPL Corporation,26.440000534057617,26.17556416077446,-0.26443637328315717,-1.000137548947982,0.0101225774058119,0.0117585258161532,-31.88214623446578,25.260541088341682,57.14285714285714
PFG,Principal Financial Group,80.30000305175781,76.39334235847473,-3.9066606932830865,-4.865081624922264,0.0101998641817828,0.0134456153138127,67.22719405938233,75.29031755332286,57.14285714285714
PG,Procter & Gamble,158.50999450683594,152.3688986028595,-6.141095903976435,-3.874264157968659,0.0022268799866523,0.0111755144000167,186.09302458720467,150.57324347742815,28.57142857142857
PGR,Progressive Corporation,189.47999572753903,179.6090549501464,-9.870940777392633,-5.2094896558824395,0.0020176511676498,0.0169754574638972,1103.2588653575992,175.69217390692845,42.857142857142854
PLD,Prologis,133.35000610351562,128.74658000582122,-4.60342609769441,-3.4521378980072246,0.0017509798831346,0.0156199944618893,2578.8614870075253,126.11628832257354,57.14285714285714
PRU,Prudential Financial,107.30999755859376,100.47374789820861,-6.83624966038515,-6.370561751855784,0.004862098125421,0.0172263169221036,718.4027074606404,98.62376500997917,42.857142857142854
PEG,Public Service Enterprise Group,60.11000061035156,59.55612724020004,-0.5538733701515213,-0.92143298041514,0.0015237438822767,0.0114399823223928,38.84461999930793,58.01082707028985,42.857142857142854
PTC,PTC,176.88999938964844,175.01805073514555,-1.8719486545028872,-1.0582557866255682,0.0097432362316638,0.0149007751440591,263.6527236103854,173.35555249201934,57.14285714285714
PSA,Public Storage,284.1199951171875,280.66933834430876,-3.4506567728787445,-1.214506839427297,0.018307193854397,0.0156858109319397,240.17675241509687,278.31822323018923,14.285714285714285
PHM,PulteGroup,103.04000091552734,102.53778309474181,-0.5022178207855319,-0.4874008310590489,0.0318062969520059,0.0215608154779369,206.81459447716125,100.96247385509001,57.14285714285714
QRVO,Qorvo,111.86000061035156,108.41154234322204,-3.4484582671295243,-3.082834121503127,0.0087414028573562,0.0207779382152069,867.9907062898524,107.14963423003898,57.14285714285714
PWR,Quanta Services,209.1999969482422,200.8349277104988,-8.365069237743398,-3.998599120349407,0.0011769736290787,0.0196258108437408,36.99385660356106,196.530147882379,57.14285714285714
QCOM,Qualcomm,151.9600067138672,146.01557568936767,-5.944431024499522,-3.911839143105974,0.0116854081185079,0.0205205672127478,466.6659178737046,143.19465084637415,71.42857142857143
DGX,Quest Diagnostics,123.8000030517578,126.07328502784682,2.2732819760890237,1.836253570315842,0.0086557160258192,0.0129821456204485,-26.57852107117583,127.1353309671904,57.14285714285714
RL,Ralph Lauren Corporation,183.3500061035156,177.19477229809937,-6.1552338054162306,-3.357094955285201,0.0109188476376794,0.02535936526901,267.6274643212283,155.40866832216557,71.42857142857143
RJF,Raymond James,116.4499969482422,111.3380953830452,-5.111901565197002,-4.3897824810326584,0.0125784450827308,0.0171576265252425,17.64907216954642,109.40714180834166,85.71428571428571
RTX,RTX Corporation,90.9800033569336,90.24597006979492,-0.7340332871386721,-0.8068072763845764,0.0058013021083186,0.0152256756116171,163.5607635803396,90.54146408369238,0.0
O,Realty Income,52.470001220703125,52.18720063085175,-0.28280058985137657,-0.5389757638118593,0.0023121267201988,0.012947844724611,1110.7966074695755,52.66196315029621,71.42857142857143
REG,Regency Centers,60.619998931884766,59.13203479836159,-1.4879641335231781,-2.4545763110209196,0.0027696727572589,0.0135834406454503,48.01294908064155,59.310206024701664,28.57142857142857
REGN,Regeneron,946.8699951171876,893.2300077546387,-53.639987362548936,-5.664979103695252,0.0040841775816685,0.0152823543181513,186.99393142572723,885.8105690129363,57.14285714285714
RF,Regions Financial Corporation,18.420000076293945,18.229858,-0.1901416778564453,-1.032256661611813,0.0003738473609751,0.020601848849594,1670.1051529577508,17.4298086718078,42.857142857142854
RSG,Republic Services,180.00999450683594,171.0198,-8.990188598632812,-4.994271914324961,0.0038852352528343,0.0105061116520006,51.578424349039366,169.39320207785386,71.42857142857143
RMD,ResMed,180.66000366210935,178.11859,-2.5414123535155966,-1.4067376851540598,0.0091578806145328,0.02065566079471,825.0438768395153,185.3870078615652,28.57142857142857
RVTY,Revvity (Previously PerkinElmer),101.9800033569336,105.85732,3.8773193359375,3.802038839287685,0.0077043216107072,0.0221566357254762,41.81039540162052,104.66278507435642,0.0
RHI,Robert Half,80.02999877929688,79.11916,-0.9108352661132812,-1.1381173060181367,0.005106190814512,0.0154952376406373,126.02071252918985,78.8018309737823,71.42857142857143
ROK,Rockwell Automation,272.6199951171875,276.1662,3.54620361328125,1.3007863241127604,0.0171441925361555,0.022331585334209,-4.460591316040319,268.6230115058448,57.14285714285714
ROL,"Rollins, Inc.",40.95000076293945,39.480835,-1.4691658020019531,-3.5877064093526876,0.0123118255292373,0.0163673225876712,157.69167399774057,41.19701943834967,42.857142857142854
ROP,Roper Technologies,544.1099853515625,531.79443,-12.3155517578125,-2.263430572746267,0.0012218051789715,0.0121006071508436,46.72474718090074,535.6771382145777,28.57142857142857
ROST,Ross Stores,144.4499969482422,138.25038,-6.199615478515625,-4.2918765036298385,0.0033332634577626,0.0114299523296477,250298.81034244245,134.1363505699549,14.285714285714285
RCL,Royal Caribbean Group,115.13999938964844,107.62798,-7.512016296386719,-6.524245558630843,0.0045894545528018,0.0204350178541137,371.41484879871444,114.25272243714805,57.14285714285714
SPGI,S&P Global,426.010009765625,414.66586,-11.344146728515625,-2.6628826714087674,0.0055957987437437,0.0154009448342881,124.64362721879763,428.2786122576796,42.857142857142854
CRM,Salesforce,286.3900146484375,278.61255,-7.7774658203125,-2.7156902903405515,0.0027768136977534,0.0177862260789171,1477.778983078226,270.5784526113378,42.857142857142854
SBAC,SBA Communications,207.0399932861328,214.9274,7.8874053955078125,3.8096047388328897,0.0182804250880798,0.0193291970078329,2738.2102894963473,221.44272293941867,57.14285714285714
SLB,Schlumberger,48.52000045776367,46.757477,-1.7625236511230469,-3.632571381892941,0.0005826880712051,0.0208043773785201,94.19455175174129,46.51607128220288,42.857142857142854
STX,Seagate Technology,86.7699966430664,84.84039,-1.9296035766601562,-2.2238142806409185,0.0009336019738885,0.021967618453081,135.70548723802474,82.24479780145495,42.857142857142854
SRE,Sempra Energy,70.66000366210938,70.497314,-0.162689208984375,-0.23024228779033482,0.0018036544717085,0.0126177330807139,12.781924549452947,69.69585563421315,0.0
NOW,ServiceNow,752.8400268554688,743.10803,-9.73199462890625,-1.2927041976707505,0.0024006342574203,0.0203577721815281,203.2759500294863,743.3647041017246,42.857142857142854
SHW,Sherwin-Williams,311.260009765625,248.13673,-63.12327575683594,-20.279918324351076,0.012773818822776,0.0134147644693314,613.4660816078961,246.78898743635006,42.857142857142854
SPG,Simon Property Group,148.89999389648438,143.9794,-4.92059326171875,-3.304629592624133,0.0143189836053986,0.0173200453894355,50.09599427770688,140.88252145328528,42.857142857142854
SWKS,Skyworks Solutions,103.91999816894533,102.01432,-1.9056777954101705,-1.833793137979143,0.0088849470898437,0.0181677630935395,367.6784961082063,100.94510445363757,57.14285714285714
SJM,J.M. Smucker Company (The),125.87999725341795,125.20699,-0.6730041503906108,-0.5346394701898018,0.011948325655566,0.0138613758277325,53.93717153814516,127.22593715381778,28.57142857142857
SNA,Snap-on,269.0400085449219,256.00638,-13.03363037109375,-4.844495226410726,0.0093884616287103,0.015639367175316,244.73633808293852,274.38089782253,28.57142857142857
SO,Southern Company,67.04000091552734,66.06939,-0.970611572265625,-1.447809604729314,0.0021988498420415,0.0125457834640248,858.2600859606453,65.87315096852826,14.285714285714285
LUV,Southwest Airlines,33.86000061035156,33.118763,-0.7412376403808594,-2.189124710630545,0.0043509633489213,0.0221712834674968,42.85423538072591,31.144408306385564,71.42857142857143
SWK,Stanley Black & Decker,88.45999908447266,86.80954,-1.6504592895507812,-1.8657690556549933,0.0110507735481783,0.022722339463233,2751.6873636033542,88.94920064020373,57.14285714285714
SBUX,Starbucks,93.45999908447266,95.59768,2.1376800537109375,2.2872673599951803,0.0018181295281744,0.0168490194074033,70.4124808031888,94.71118670675152,57.14285714285714
STT,State Street Corporation,71.55000305175781,71.026245,-0.5237579345703125,-0.7320166488203176,0.0039812488476013,0.0194757762019712,28.688329006473083,70.92647149713152,42.857142857142854
STLD,Steel Dynamics,122.61000061035156,118.49823,-4.1117706298828125,-3.3535360977199677,0.0002032122621687,0.023326284210272,2328.5078696966066,117.6081127891166,57.14285714285714
STE,Steris,229.25,222.4271,-6.822906494140625,-2.9761860388835877,0.0005371100571832,0.0170384424358793,-0.3521119268010134,216.94583741261653,57.14285714285714
SYK,Stryker Corporation,348.07000732421875,332.25256,-15.81744384765625,-4.544328300290087,0.003527442708737,0.0161540553470284,1008.3692866985447,332.81180191976193,28.57142857142857
SYF,Synchrony Financial,40.47999954223633,38.153687,-2.326313018798828,-5.746820763601003,0.0214205962134626,0.0187540469726554,-38.96533389911136,36.828741796507124,57.14285714285714
SNPS,Synopsys,547.97998046875,525.31573,-22.66424560546875,-4.1359623368140985,6.88302932579959e-05,0.0201855358640573,3158.0477692021313,515.3880912285942,42.857142857142854
SYY,Sysco,79.06999969482422,77.101845,-1.9681549072265625,-2.4891297771882934,0.0049031479596164,0.0145064027621899,56.50177530039744,76.94661953513607,57.14285714285714
TMUS,T-Mobile US,162.0500030517578,157.12146,-4.9285430908203125,-3.041371797596428,0.0122876477680077,0.0089315999636216,503.08149100552424,157.01911386836673,28.57142857142857
TROW,T. Rowe Price,109.41000366210938,106.499374,-2.9106292724609375,-2.6602953797989315,0.0003445230460342,0.019332838343675,373.74918103820244,106.28465573719095,28.57142857142857
TTWO,Take-Two Interactive,151.94000244140625,148.16946,-3.770538330078125,-2.481596860268701,0.0096447189835617,0.0207841546459077,643.1649934262718,152.39773514427264,42.857142857142854
TPR,"Tapestry, Inc.",46.75,41.3787,-5.371299743652344,-11.48941121636865,0.0058556531808479,0.023591558449657,144.431994632979,39.791179209245364,71.42857142857143
TRGP,Targa Resources,96.36000061035156,84.607735,-11.752265930175781,-12.196207820398543,0.0315333211068258,0.0197853925206054,60.306562895140914,83.86898350469043,57.14285714285714
TGT,Target Corporation,149.88999938964844,145.26266,-4.6273345947265625,-3.087153655059746,0.009134455670637,0.0232492762231791,97.88718506328831,144.29403895737633,28.57142857142857
TEL,TE Connectivity,140.22000122070312,135.74623,-4.4737701416015625,-3.1905363733095027,0.0070955076601481,0.0149893665731503,10.817142812833318,134.32021469196312,57.14285714285714
TDY,Teledyne Technologies,430.760009765625,419.50003,-11.259979248046875,-2.613979708602335,0.0037351255394232,0.0153796464030985,234.13140522007913,421.1281263082541,42.857142857142854
TFX,Teleflex,250.9499969482422,248.5145,-2.4355010986328125,-0.9705125037858154,0.0107831609809897,0.0197511625880826,5742.246602309219,247.52211316066422,42.857142857142854
TER,Teradyne,100.16999816894533,97.077614,-3.0923843383789205,-3.0871362632585337,0.0122536271883335,0.0242760537989736,136.00609198148322,95.82933756621911,71.42857142857143
TSLA,"Tesla, Inc.",193.75999450683597,184.42691,-9.333084106445341,-4.8168271939727285,0.0204704335414901,0.0351678307993771,35.71612846499337,182.14764261653372,57.14285714285714
TXN,Texas Instruments,162.74000549316406,159.54666,-3.1933441162109375,-1.9622367017463782,0.0117827675784292,0.0162026705860297,257.6080937987253,159.63434600906365,28.57142857142857
TXT,Textron,84.58000183105469,82.119286,-2.4607162475585938,-2.909335770024905,0.0049414736465877,0.0168111571354107,15.54167220700641,80.61468664640536,28.57142857142857
TMO,Thermo Fisher Scientific,548.1400146484375,537.25134,-10.888671875,-1.9864763717320848,0.0013286650519901,0.0151686303387824,167.86195438398553,539.7948698227295,14.285714285714285
TJX,TJX Companies,97.36000061035156,92.35713,-5.00286865234375,-5.1385256994460535,0.0056431433403945,0.0110008304839777,2.0479382245378788,91.15017334205639,57.14285714285714
TSCO,Tractor Supply,236.4199981689453,228.82677,-7.593231201171875,-3.2117550376367756,0.0032803241575442,0.0144958202392756,398.4779688226867,226.67106449950577,57.14285714285714
TT,Trane Technologies,276.1600036621094,257.69745,-18.462554931640625,-6.685455781725058,0.0123402955660405,0.017778062038776,92.36486698891744,254.48881780338675,42.857142857142854
TDG,TransDigm Group,1159.010009765625,1105.9655,-53.0445556640625,-4.57671247160231,0.014738562899428,0.0152036942768148,238.52037590465991,1099.4172768595977,57.14285714285714
TRV,Travelers Companies (The),220.1000061035156,215.67258,-4.427429199218722,-2.011553419556222,0.0131320708781575,0.0123371341157429,19.779862247103768,210.44740353894207,71.42857142857143
TRMB,Trimble Inc.,60.130001068115234,57.167984,-2.962017059326172,-4.926021963596509,0.0035229224937998,0.0222872771944586,458.212331232372,52.7940093635162,71.42857142857143
TFC,Truist,35.560001373291016,36.65891,1.098907470703125,3.0902908556367783,0.0061661834358232,0.0210614776031729,42.1094998188925,35.372343216900376,14.285714285714285
TYL,Tyler Technologies,435.3800048828125,420.4697,-14.910308837890625,-3.4246655038519522,0.0088286717213175,0.0154375879613999,229.3495518407803,410.73040994032334,42.857142857142854
TSN,Tyson Foods,54.04999923706055,53.13369,-0.9163093566894531,-1.6952994812646842,0.0049130973282208,0.0169938096102412,-1.5506952746945477,55.5502665507002,42.857142857142854
USB,U.S. Bank,41.13999938964844,40.96479,-0.17520904541015625,-0.42588490036351817,0.0049685404366222,0.0188682180858167,3925.3818662735853,39.9212347918775,0.0
UBER,Uber,76.5999984741211,69.950264,-6.6497344970703125,-8.681115704351992,0.0098616157718095,0.0362147207742055,140.85977263303855,63.20278564769522,42.857142857142854
UDR,"UDR, Inc.",35.79999923706055,36.565376,0.7653770446777344,2.137924751365379,0.006097224248786,0.0157399956580077,2.765343300186094,36.48364252908376,28.57142857142857
ULTA,Ulta Beauty,541.2899780273438,506.16656,-35.1234130859375,-6.488834915056049,0.0091784702795364,0.0160934279007488,4.537113079241741,495.4203585835145,85.71428571428571
UNP,Union Pacific Corporation,247.13999938964844,243.3714,-3.7686004638671875,-1.5248848722077957,0.0128406643538925,0.0140074533839568,36.202927180392344,241.48928582500804,42.857142857142854
UAL,United Airlines Holdings,43.459999084472656,41.271328,-2.188671112060547,-5.0360588084837605,0.0383370095193163,0.0272004190705118,83.83336714602433,40.57171088445009,57.14285714285714
UPS,United Parcel Service,148.63999938964844,150.1576,1.5175933837890625,1.0209858651915136,0.0136369341404959,0.0165587805919476,479.524575113233,150.23684524597715,42.857142857142854
URI,United Rentals,643.9099731445312,623.99817,-19.91180419921875,-3.092327348492453,0.0044929161324317,0.0241992999194705,199.90942211746818,589.0092250344971,57.14285714285714
UNH,UnitedHealth Group,521.0599975585938,513.9212,-7.1387939453125,-1.3700521972058957,0.001573563996896,0.0139670369377193,635.7124183893719,510.9057302273377,57.14285714285714
UHS,Universal Health Services,162.42999267578125,153.6548,-8.775192260742188,-5.4024457652090945,0.0036140121433948,0.0181899344014884,599.3468041973615,151.95251933605797,57.14285714285714
VLO,Valero Energy,135.02999877929688,130.39673,-4.633270263671875,-3.4312895693977143,0.0109239954973479,0.0193334683036119,-43.54687645764597,132.38475466399953,42.857142857142854
VTR,Ventas,43.040000915527344,43.328934,0.28893280029296875,0.6713122540588325,0.0044967149443674,0.0180346534485638,-36.972849588824744,43.428244790686584,42.857142857142854
VRSN,Verisign,192.22999572753903,195.2914,3.0614013671875284,1.592572145466135,0.0055585950959953,0.0141458773017077,50.880015406417876,197.82176953950554,42.857142857142854
VRSK,Verisk,248.50999450683597,234.69095,-13.819046020507841,-5.56076066394493,0.016537425232833,0.0126646315172934,-70.17404263476978,233.92559263012384,42.857142857142854
VZ,Verizon,40.5,40.02216,-0.4778404235839844,-1.179852897738233,0.001918780726538,0.0133847050525685,30.911955018880143,39.60258005219762,71.42857142857143
VRTX,Vertex Pharmaceuticals,420.6400146484375,408.30585,-12.33416748046875,-2.9322382681013837,0.0041994739630899,0.0161309465769264,1657.8513469710235,413.34032914724224,57.14285714285714
VFC,VF Corporation,16.200000762939453,17.383577,1.1835765838623047,7.306027951368735,0.0025872603773277,0.0420658333849886,354.1367695144509,17.329435762189547,42.857142857142854
VTRS,Viatris,13.239999771118164,11.796764,-1.4432353973388672,-10.900569654745402,0.003436080077376,0.0243249192939224,182.46070590304672,10.66055123342999,85.71428571428571
VICI,Vici Properties,29.559999465942383,29.418354,-0.1416454315185547,-0.4791794116293939,0.0002405187920055,0.0120256686903596,620.0517812188973,29.07064297772414,71.42857142857143
V,Visa Inc.,275.1499938964844,276.4405,1.290496826171875,0.4690157567865982,0.0025929758855052,0.0103165830663095,-19.621539379203583,271.71322011583857,57.14285714285714
VMC,Vulcan Materials Company,251.3800048828125,228.32184,-23.05816650390625,-9.172633485569161,0.0465987846538777,0.0205624581000779,26.39125264790958,221.00533990073905,85.71428571428571
WRB,Berkley,81.9800033569336,80.42374,-1.5562667846679688,-1.8983492570647045,0.0083294743011728,0.0147874867690639,-18.902789938458454,79.56269618013286,57.14285714285714
WAB,Wabtec,134.39999389648438,125.918976,-8.48101806640625,-6.3102815859786245,0.0010554596289332,0.0106881406568955,32.796132504748854,127.03012007115987,42.857142857142854
WBA,Walgreens Boots Alliance,22.309999465942383,22.434492,0.12449264526367188,0.5580127666686757,0.0124649872560152,0.0221700804490235,-22.24534844027901,22.295925154435572,28.57142857142857
WMT,Walmart,175.86000061035156,162.2341,-13.625900268554688,-7.748152064860525,0.018012633886431,0.0128988529185921,-58.66641020248997,161.24557777080184,42.857142857142854
DIS,Walt Disney,109.44000244140624,107.34872,-2.091285705566392,-1.9108969836564638,0.0084548369624732,0.0220916742910771,864.5495404915724,103.11031784911918,71.42857142857143
WBD,Warner Bros. Discovery,9.890000343322754,11.007265,1.117264747619629,11.296913132808449,0.0262579574701989,0.0336634065974943,22.144211070794313,10.987145925447592,42.857142857142854
WM,Waste Management,201.7899932861328,189.54141,-12.248580932617188,-6.069964487906508,0.007700902516451,0.0118863428424658,55.941255447857905,183.16341762617762,28.57142857142857
WAT,Waters Corporation,323.95001220703125,319.12146,-4.82855224609375,-1.4905238660734792,0.0078511703468189,0.0198427886171791,34.077276771050954,316.29916780502634,42.857142857142854
WEC,WEC Energy Group,78.0,79.84334,1.8433380126953125,2.3632538624298878,0.0012685913322746,0.0126775062929572,3.63272396284308,79.81334557340763,28.57142857142857
WFC,Wells Fargo,51.77000045776367,49.112595,-2.6574058532714844,-5.133099922298663,0.0001409849343183,0.0212920631092387,52.49492866793559,46.22678631151781,42.857142857142854
WELL,Welltower,92.80999755859376,86.53621,-6.273788452148452,-6.759819650019513,0.0021825995778657,0.0182336114001471,36.88093691779154,83.21988085364826,57.14285714285714
WST,West Pharmaceutical Services,350.17999267578125,371.9223,21.7423095703125,6.208895432367806,0.046093534197968,0.0476957722646941,33.886157000067584,376.737006170726,14.285714285714285
WDC,Western Digital,54.130001068115234,54.12326,-0.006740570068359375,-0.012452558535658046,0.027542306695076,0.0249263860785957,118.00845384385943,54.96364237439885,14.285714285714285
WRK,WestRock,43.77999877929688,41.531105,-2.248893737792976,-5.136806305386319,0.0053691499745873,0.0180073019401964,1014.1871761839892,39.149503928856284,71.42857142857143
WY,Weyerhaeuser,33.060001373291016,31.706882,-1.353118896484375,-4.092918452137609,0.0106557669040646,0.0137084630093126,2052.65658417489,31.156104494357454,71.42857142857143
WHR,Whirlpool Corporation,109.4000015258789,112.77135,3.3713455200195312,3.0816686224835466,0.0187016792955902,0.0229978915097646,457.02424363141495,113.41219041487197,42.857142857142854
WMB,Williams Companies,34.11000061035156,33.9299,-0.1800994873046875,-0.5279961421344321,0.0066114597062897,0.0143031002209691,-9.773885368849179,33.21089147903025,28.57142857142857
WTW,Willis Towers Watson,275.6400146484375,254.40408,-21.235931396484375,-7.704226624559409,0.0039397079143829,0.0149628562758022,469.4991952198017,247.54687908185454,57.14285714285714
GWW,W. W. Grainger,935.1500244140624,884.78577,-50.364257812499886,-5.385687483038526,0.0054455456630374,0.015910176537796,222.65799330010228,889.3967282869717,42.857142857142854
WYNN,Wynn Resorts,103.2300033569336,97.67465,-5.555351257324219,-5.381527730959902,0.010546054014946,0.0205211009705889,191.08761954870022,95.45343649702356,57.14285714285714
XEL,Xcel Energy,59.18999862670898,59.062454,-0.12754440307616477,-0.21548303097714797,0.0007163881381773,0.0121680000547975,105.0811285004344,58.98482930027465,28.57142857142857
XYL,Xylem Inc.,124.0999984741211,111.671234,-12.428764343261719,-10.01512046420655,0.007417428361332,0.0158109980466845,116.22791188369976,110.92285122179534,42.857142857142854
YUM,Yum! Brands,133.9499969482422,128.79118,-5.1588134765625,-3.8512979425866263,0.0048225528347657,0.010888035235974,71.32182666663961,126.7362086593308,57.14285714285714
ZBRA,Zebra Technologies,271.92999267578125,261.98682,-9.94317626953125,-3.6565206256546974,0.0118464633657599,0.0283282593704588,81.69393310678774,247.5137891201328,57.14285714285714
ZBH,Zimmer Biomet,124.9800033569336,120.56863,-4.411376953125,-3.529666214303448,0.0002306053765861,0.0145930260348574,-15.573374260781462,120.53161597350292,42.857142857142854
ZTS,Zoetis,186.5500030517578,181.3524,-5.197601318359375,-2.786170588760223,0.0022266834237339,0.0170441078258111,23.12492107840737,182.48573558992265,28.57142857142857
